image_path,label
dataset/real\ramen\9330.jpg,1
dataset/fake\french_onion_soup\95602.jpg,0
dataset/real\peking_duck\87927.jpg,1
dataset/real\strawberry_shortcake\79093.jpg,1
dataset/fake\risotto\713463.jpg,0
dataset/fake\hot_and_sour_soup\84322.jpg,0
dataset/real\samosa\778917.jpg,1
dataset/real\donuts\99096.jpg,1
dataset/fake\macaroni_and_cheese\78092.jpg,0
dataset/fake\paella\583177.jpg,0
dataset/fake\macarons\88207.jpg,0
dataset/real\hot_and_sour_soup\661084.jpg,1
dataset/real\onion_rings\741605.jpg,1
dataset/real\creme_brulee\899546.jpg,1
dataset/real\eggs_benedict\48352.jpg,1
dataset/fake\hot_dog\930181.jpg,0
dataset/real\french_onion_soup\706359.jpg,1
dataset/real\croque_madame\968594.jpg,1
dataset/fake\caesar_salad\2911058.jpg,0
dataset/real\pancakes\76828.jpg,1
dataset/fake\bread_pudding\2650951.jpg,0
dataset/real\paella\94172.jpg,1
dataset/real\lobster_roll_sandwich\90203.jpg,1
dataset/fake\omelette\831537.jpg,0
dataset/real\tuna_tartare\804184.jpg,1
dataset/real\baklava\2315695.jpg,1
dataset/fake\french_fries\819521.jpg,0
dataset/real\scallops\689732.jpg,1
dataset/real\mussels\67522.jpg,1
dataset/real\hummus\871981.jpg,1
dataset/real\onion_rings\85913.jpg,1
dataset/real\red_velvet_cake\79805.jpg,1
dataset/fake\spring_rolls\697601.jpg,0
dataset/real\steak\90930.jpg,1
dataset/fake\red_velvet_cake\632540.jpg,0
dataset/fake\grilled_cheese_sandwich\779143.jpg,0
dataset/fake\tiramisu\82628.jpg,0
dataset/fake\french_onion_soup\730494.jpg,0
dataset/real\miso_soup\875615.jpg,1
dataset/fake\french_toast\83425.jpg,0
dataset/real\pad_thai\81331.jpg,1
dataset/real\donuts\99223.jpg,1
dataset/real\macarons\886805.jpg,1
dataset/real\sushi\881859.jpg,1
dataset/fake\breakfast_burrito\928767.jpg,0
dataset/fake\pho\982022.jpg,0
dataset/fake\falafel\97482.jpg,0
dataset/fake\hot_and_sour_soup\80443.jpg,0
dataset/real\pad_thai\8984.jpg,1
dataset/fake\hummus\98985.jpg,0
dataset/fake\tacos\868882.jpg,0
dataset/real\sushi\910435.jpg,1
dataset/fake\hot_and_sour_soup\607274.jpg,0
dataset/real\dumplings\99207.jpg,1
dataset/real\fried_rice\92791.jpg,1
dataset/fake\paella\94172.jpg,0
dataset/real\omelette\812490.jpg,1
dataset/real\grilled_cheese_sandwich\773259.jpg,1
dataset/real\foie_gras\562854.jpg,1
dataset/real\filet_mignon\873596.jpg,1
dataset/real\pho\66892.jpg,1
dataset/fake\caesar_salad\3627235.jpg,0
dataset/fake\hot_and_sour_soup\617836.jpg,0
dataset/real\nachos\99074.jpg,1
dataset/real\club_sandwich\886748.jpg,1
dataset/real\red_velvet_cake\62322.jpg,1
dataset/real\foie_gras\567476.jpg,1
dataset/real\bruschetta\856391.jpg,1
dataset/real\crab_cakes\939129.jpg,1
dataset/real\cheesecake\2241264.jpg,1
dataset/fake\miso_soup\862333.jpg,0
dataset/real\grilled_salmon\902917.jpg,1
dataset/fake\prime_rib\92128.jpg,0
dataset/fake\pancakes\73265.jpg,0
dataset/real\peking_duck\7407.jpg,1
dataset/fake\bruschetta\1288625.jpg,0
dataset/real\fish_and_chips\3353464.jpg,1
dataset/real\guacamole\86180.jpg,1
dataset/real\greek_salad\982455.jpg,1
dataset/real\hamburger\85915.jpg,1
dataset/real\spring_rolls\7394.jpg,1
dataset/real\beet_salad\1003501.jpg,1
dataset/real\falafel\978302.jpg,1
dataset/real\samosa\812951.jpg,1
dataset/real\strawberry_shortcake\6436.jpg,1
dataset/fake\chicken_quesadilla\3418102.jpg,0
dataset/real\gnocchi\782613.jpg,1
dataset/fake\ceviche\2330568.jpg,0
dataset/real\prime_rib\9821.jpg,1
dataset/fake\strawberry_shortcake\98318.jpg,0
dataset/real\macaroni_and_cheese\93372.jpg,1
dataset/fake\pork_chop\72170.jpg,0
dataset/real\pork_chop\70163.jpg,1
dataset/real\fish_and_chips\3504296.jpg,1
dataset/fake\french_fries\82946.jpg,0
dataset/real\crab_cakes\964485.jpg,1
dataset/real\chicken_curry\403121.jpg,1
dataset/real\pulled_pork_sandwich\947258.jpg,1
dataset/fake\paella\589947.jpg,0
dataset/fake\pulled_pork_sandwich\991879.jpg,0
dataset/real\hot_and_sour_soup\611992.jpg,1
dataset/real\onion_rings\82479.jpg,1
dataset/real\carrot_cake\2894362.jpg,1
dataset/real\macarons\841259.jpg,1
dataset/real\garlic_bread\800393.jpg,1
dataset/fake\beignets\646871.jpg,0
dataset/real\takoyaki\692871.jpg,1
dataset/fake\strawberry_shortcake\977955.jpg,0
dataset/fake\spaghetti_bolognese\850480.jpg,0
dataset/fake\filet_mignon\90376.jpg,0
dataset/real\tacos\868882.jpg,1
dataset/real\samosa\793375.jpg,1
dataset/fake\fried_calamari\66099.jpg,0
dataset/real\fried_rice\523739.jpg,1
dataset/fake\bruschetta\1056494.jpg,0
dataset/real\bibimbap\2039717.jpg,1
dataset/fake\chicken_wings\391858.jpg,0
dataset/real\pulled_pork_sandwich\961030.jpg,1
dataset/fake\lasagna\7781.jpg,0
dataset/real\pizza\63480.jpg,1
dataset/real\lobster_bisque\880360.jpg,1
dataset/fake\clam_chowder\908590.jpg,0
dataset/real\bruschetta\1056494.jpg,1
dataset/real\club_sandwich\882772.jpg,1
dataset/real\caprese_salad\779396.jpg,1
dataset/real\gyoza\703218.jpg,1
dataset/fake\pho\7248.jpg,0
dataset/fake\gnocchi\783026.jpg,0
dataset/real\risotto\695270.jpg,1
dataset/real\samosa\825496.jpg,1
dataset/real\beignets\299009.jpg,1
dataset/fake\club_sandwich\87971.jpg,0
dataset/fake\scallops\65756.jpg,0
dataset/fake\spring_rolls\82274.jpg,0
dataset/fake\hummus\882287.jpg,0
dataset/real\spaghetti_carbonara\679272.jpg,1
dataset/real\greek_salad\995103.jpg,1
dataset/fake\tacos\907061.jpg,0
dataset/fake\pancakes\75444.jpg,0
dataset/fake\bread_pudding\2376972.jpg,0
dataset/fake\gnocchi\89170.jpg,0
dataset/real\panna_cotta\90472.jpg,1
dataset/real\french_onion_soup\718633.jpg,1
dataset/real\chicken_curry\3919521.jpg,1
dataset/real\sashimi\793068.jpg,1
dataset/fake\clam_chowder\889952.jpg,0
dataset/fake\omelette\826870.jpg,0
dataset/real\ice_cream\873378.jpg,1
dataset/real\crab_cakes\911468.jpg,1
dataset/real\pizza\98617.jpg,1
dataset/fake\grilled_salmon\925104.jpg,0
dataset/real\peking_duck\92967.jpg,1
dataset/real\carrot_cake\804393.jpg,1
dataset/fake\gnocchi\85359.jpg,0
dataset/real\ravioli\742128.jpg,1
dataset/real\chicken_wings\225318.jpg,1
dataset/fake\onion_rings\721735.jpg,0
dataset/real\chicken_wings\2298994.jpg,1
dataset/fake\macaroni_and_cheese\99170.jpg,0
dataset/fake\prime_rib\859424.jpg,0
dataset/fake\fish_and_chips\267279.jpg,0
dataset/real\shrimp_and_grits\938890.jpg,1
dataset/real\red_velvet_cake\94192.jpg,1
dataset/fake\steak\66207.jpg,0
dataset/real\falafel\974606.jpg,1
dataset/real\panna_cotta\596975.jpg,1
dataset/fake\eggs_benedict\997829.jpg,0
dataset/fake\cheesecake\882301.jpg,0
dataset/real\deviled_eggs\663381.jpg,1
dataset/real\club_sandwich\869999.jpg,1
dataset/real\bruschetta\396542.jpg,1
dataset/fake\tuna_tartare\841002.jpg,0
dataset/fake\bibimbap\1723612.jpg,0
dataset/fake\pizza\82772.jpg,0
dataset/real\chicken_curry\3600369.jpg,1
dataset/fake\greek_salad\979057.jpg,0
dataset/fake\pork_chop\76465.jpg,0
dataset/fake\waffles\764669.jpg,0
dataset/real\guacamole\878151.jpg,1
dataset/fake\club_sandwich\886101.jpg,0
dataset/real\cheesecake\164855.jpg,1
dataset/fake\onion_rings\71645.jpg,0
dataset/real\macaroni_and_cheese\697364.jpg,1
dataset/real\lobster_roll_sandwich\94234.jpg,1
dataset/real\shrimp_and_grits\946408.jpg,1
dataset/real\huevos_rancheros\95203.jpg,1
dataset/real\sashimi\744663.jpg,1
dataset/real\apple_pie\2969119.jpg,1
dataset/fake\pad_thai\761235.jpg,0
dataset/fake\cheesecake\1435236.jpg,0
dataset/real\eggs_benedict\9853.jpg,1
dataset/real\churros\927506.jpg,1
dataset/real\lobster_roll_sandwich\85201.jpg,1
dataset/real\eggs_benedict\53096.jpg,1
dataset/fake\sushi\894858.jpg,0
dataset/real\beef_carpaccio\2298516.jpg,1
dataset/real\panna_cotta\638508.jpg,1
dataset/fake\bread_pudding\684945.jpg,0
dataset/real\gyoza\694774.jpg,1
dataset/real\french_onion_soup\85451.jpg,1
dataset/fake\nachos\89589.jpg,0
dataset/real\greek_salad\968471.jpg,1
dataset/fake\paella\565815.jpg,0
dataset/fake\ramen\67640.jpg,0
dataset/real\falafel\975803.jpg,1
dataset/fake\donuts\763266.jpg,0
dataset/real\macarons\847954.jpg,1
dataset/real\cheesecake\165910.jpg,1
dataset/real\macaroni_and_cheese\694141.jpg,1
dataset/real\sashimi\739133.jpg,1
dataset/real\creme_brulee\905471.jpg,1
dataset/real\prime_rib\842936.jpg,1
dataset/fake\greek_salad\995103.jpg,0
dataset/fake\beef_tartare\1914856.jpg,0
dataset/real\omelette\812242.jpg,1
dataset/real\huevos_rancheros\939504.jpg,1
dataset/real\omelette\821964.jpg,1
dataset/real\churros\864848.jpg,1
dataset/fake\red_velvet_cake\59503.jpg,0
dataset/fake\croque_madame\465905.jpg,0
dataset/fake\ice_cream\892598.jpg,0
dataset/fake\spaghetti_carbonara\685720.jpg,0
dataset/fake\churros\881905.jpg,0
dataset/real\fried_rice\89644.jpg,1
dataset/real\cheese_plate\1958947.jpg,1
dataset/real\hot_and_sour_soup\604451.jpg,1
dataset/real\edamame\760003.jpg,1
dataset/fake\macarons\884964.jpg,0
dataset/fake\chocolate_cake\3592680.jpg,0
dataset/fake\sashimi\758154.jpg,0
dataset/fake\bruschetta\974802.jpg,0
dataset/fake\sashimi\795596.jpg,0
dataset/fake\peking_duck\69195.jpg,0
dataset/real\spring_rolls\90481.jpg,1
dataset/fake\peking_duck\70566.jpg,0
dataset/real\french_onion_soup\758097.jpg,1
dataset/real\fried_rice\63081.jpg,1
dataset/fake\bibimbap\2499871.jpg,0
dataset/real\apple_pie\2909139.jpg,1
dataset/fake\club_sandwich\882772.jpg,0
dataset/real\french_fries\806895.jpg,1
dataset/real\baby_back_ribs\2601406.jpg,1
dataset/real\guacamole\901278.jpg,1
dataset/real\beef_carpaccio\3658839.jpg,1
dataset/real\seaweed_salad\89991.jpg,1
dataset/real\pork_chop\72170.jpg,1
dataset/fake\takoyaki\685493.jpg,0
dataset/fake\omelette\753473.jpg,0
dataset/fake\hot_dog\910827.jpg,0
dataset/real\scallops\661653.jpg,1
dataset/fake\french_fries\854901.jpg,0
dataset/fake\carrot_cake\722121.jpg,0
dataset/fake\sushi\96680.jpg,0
dataset/real\shrimp_and_grits\935610.jpg,1
dataset/fake\chicken_curry\2600288.jpg,0
dataset/real\beet_salad\1380319.jpg,1
dataset/fake\falafel\930442.jpg,0
dataset/real\beet_salad\3331610.jpg,1
dataset/fake\french_fries\859412.jpg,0
dataset/fake\ravioli\774779.jpg,0
dataset/real\hummus\882287.jpg,1
dataset/real\cannoli\3434673.jpg,1
dataset/fake\greek_salad\74066.jpg,0
dataset/fake\grilled_cheese_sandwich\767715.jpg,0
dataset/fake\pad_thai\90566.jpg,0
dataset/real\nachos\62094.jpg,1
dataset/fake\spring_rolls\688731.jpg,0
dataset/fake\fish_and_chips\2716580.jpg,0
dataset/fake\onion_rings\746144.jpg,0
dataset/fake\bibimbap\658380.jpg,0
dataset/real\guacamole\871818.jpg,1
dataset/fake\caesar_salad\3686850.jpg,0
dataset/fake\risotto\691147.jpg,0
dataset/fake\frozen_yogurt\75792.jpg,0
dataset/real\shrimp_and_grits\916436.jpg,1
dataset/real\grilled_salmon\955438.jpg,1
dataset/real\takoyaki\676990.jpg,1
dataset/fake\guacamole\85398.jpg,0
dataset/fake\samosa\782181.jpg,0
dataset/real\sushi\902214.jpg,1
dataset/real\french_toast\77447.jpg,1
dataset/fake\oysters\882316.jpg,0
dataset/fake\pizza\61822.jpg,0
dataset/real\cannoli\1418734.jpg,1
dataset/real\chocolate_mousse\850946.jpg,1
dataset/real\pad_thai\90566.jpg,1
dataset/real\chocolate_cake\106203.jpg,1
dataset/real\sushi\918053.jpg,1
dataset/real\samosa\787023.jpg,1
dataset/real\oysters\89248.jpg,1
dataset/real\creme_brulee\893341.jpg,1
dataset/fake\beef_carpaccio\217698.jpg,0
dataset/real\lobster_roll_sandwich\96654.jpg,1
dataset/real\macaroni_and_cheese\84721.jpg,1
dataset/real\apple_pie\3833386.jpg,1
dataset/fake\seaweed_salad\598811.jpg,0
dataset/fake\deviled_eggs\92324.jpg,0
dataset/real\cannoli\992416.jpg,1
dataset/fake\frozen_yogurt\62048.jpg,0
dataset/fake\club_sandwich\863416.jpg,0
dataset/real\pho\996595.jpg,1
dataset/real\macaroni_and_cheese\650141.jpg,1
dataset/fake\filet_mignon\852247.jpg,0
dataset/fake\gyoza\711836.jpg,0
dataset/real\prime_rib\90923.jpg,1
dataset/fake\spaghetti_carbonara\689867.jpg,0
dataset/fake\dumplings\83315.jpg,0
dataset/real\greek_salad\995049.jpg,1
dataset/real\hot_dog\910827.jpg,1
dataset/real\onion_rings\83644.jpg,1
dataset/real\hummus\94850.jpg,1
dataset/real\shrimp_and_grits\918384.jpg,1
dataset/fake\pulled_pork_sandwich\949739.jpg,0
dataset/fake\chocolate_mousse\896003.jpg,0
dataset/fake\risotto\717314.jpg,0
dataset/real\filet_mignon\868859.jpg,1
dataset/real\gnocchi\783026.jpg,1
dataset/real\tacos\87767.jpg,1
dataset/fake\bibimbap\182650.jpg,0
dataset/real\tiramisu\82628.jpg,1
dataset/fake\cheese_plate\3091366.jpg,0
dataset/real\carrot_cake\1046933.jpg,1
dataset/fake\onion_rings\93684.jpg,0
dataset/real\breakfast_burrito\1098858.jpg,1
dataset/real\chocolate_mousse\891547.jpg,1
dataset/fake\ceviche\2060023.jpg,0
dataset/fake\sushi\902214.jpg,0
dataset/fake\pork_chop\64079.jpg,0
dataset/fake\beef_tartare\3001672.jpg,0
dataset/real\tuna_tartare\781885.jpg,1
dataset/real\spaghetti_carbonara\677949.jpg,1
dataset/fake\chicken_curry\3909329.jpg,0
dataset/fake\spaghetti_bolognese\86424.jpg,0
dataset/fake\bibimbap\1747113.jpg,0
dataset/real\frozen_yogurt\94855.jpg,1
dataset/fake\chicken_wings\2054901.jpg,0
dataset/fake\beet_salad\1003501.jpg,0
dataset/real\tuna_tartare\92453.jpg,1
dataset/real\hummus\878537.jpg,1
dataset/fake\creme_brulee\935865.jpg,0
dataset/fake\lasagna\806706.jpg,0
dataset/fake\tacos\896949.jpg,0
dataset/fake\spaghetti_carbonara\732412.jpg,0
dataset/fake\scallops\659150.jpg,0
dataset/fake\beef_tartare\39858.jpg,0
dataset/fake\mussels\605254.jpg,0
dataset/fake\falafel\992378.jpg,0
dataset/fake\huevos_rancheros\917566.jpg,0
dataset/real\dumplings\840855.jpg,1
dataset/fake\garlic_bread\88681.jpg,0
dataset/real\spring_rolls\90116.jpg,1
dataset/real\garlic_bread\799801.jpg,1
dataset/fake\guacamole\86180.jpg,0
dataset/fake\french_onion_soup\741785.jpg,0
dataset/fake\takoyaki\686111.jpg,0
dataset/fake\macaroni_and_cheese\6888.jpg,0
dataset/fake\spring_rolls\688513.jpg,0
dataset/fake\waffles\77990.jpg,0
dataset/real\baklava\3078639.jpg,1
dataset/fake\samosa\801746.jpg,0
dataset/real\steak\66858.jpg,1
dataset/fake\gyoza\703218.jpg,0
dataset/real\ceviche\1919573.jpg,1
dataset/real\cup_cakes\70625.jpg,1
dataset/real\tuna_tartare\99979.jpg,1
dataset/real\french_fries\847042.jpg,1
dataset/real\pizza\68684.jpg,1
dataset/fake\crab_cakes\932886.jpg,0
dataset/fake\hot_and_sour_soup\61920.jpg,0
dataset/fake\pizza\99604.jpg,0
dataset/fake\spaghetti_bolognese\864135.jpg,0
dataset/real\crab_cakes\99114.jpg,1
dataset/fake\cheese_plate\250945.jpg,0
dataset/fake\onion_rings\98200.jpg,0
dataset/real\french_fries\848492.jpg,1
dataset/real\escargots\88877.jpg,1
dataset/fake\spaghetti_carbonara\677949.jpg,0
dataset/fake\spaghetti_carbonara\675898.jpg,0
dataset/fake\baklava\295863.jpg,0
dataset/real\spring_rolls\78171.jpg,1
dataset/real\huevos_rancheros\935838.jpg,1
dataset/fake\shrimp_and_grits\939523.jpg,0
dataset/fake\nachos\81821.jpg,0
dataset/fake\spaghetti_bolognese\78546.jpg,0
dataset/real\panna_cotta\7023.jpg,1
dataset/real\garlic_bread\77925.jpg,1
dataset/real\tiramisu\521895.jpg,1
dataset/fake\prime_rib\815266.jpg,0
dataset/real\tacos\846311.jpg,1
dataset/real\poutine\913823.jpg,1
dataset/real\onion_rings\85376.jpg,1
dataset/real\pad_thai\727089.jpg,1
dataset/fake\breakfast_burrito\1523896.jpg,0
dataset/fake\scallops\661684.jpg,0
dataset/fake\peking_duck\70601.jpg,0
dataset/real\beignets\3034743.jpg,1
dataset/real\poutine\916691.jpg,1
dataset/fake\ice_cream\900935.jpg,0
dataset/real\frozen_yogurt\77987.jpg,1
dataset/real\pulled_pork_sandwich\936404.jpg,1
dataset/fake\baklava\1482317.jpg,0
dataset/fake\bread_pudding\1251722.jpg,0
dataset/fake\croque_madame\82322.jpg,0
dataset/real\macaroni_and_cheese\696983.jpg,1
dataset/real\croque_madame\986297.jpg,1
dataset/real\croque_madame\997233.jpg,1
dataset/real\bread_pudding\2376972.jpg,1
dataset/fake\lobster_bisque\868207.jpg,0
dataset/real\prime_rib\867112.jpg,1
dataset/real\fried_rice\523116.jpg,1
dataset/real\hot_dog\935952.jpg,1
dataset/real\prime_rib\92128.jpg,1
dataset/real\samosa\848468.jpg,1
dataset/real\mussels\74433.jpg,1
dataset/real\escargots\525348.jpg,1
dataset/fake\shrimp_and_grits\967122.jpg,0
dataset/fake\hot_and_sour_soup\70230.jpg,0
dataset/fake\falafel\949664.jpg,0
dataset/fake\ramen\9029.jpg,0
dataset/fake\samosa\816846.jpg,0
dataset/fake\tiramisu\442915.jpg,0
dataset/fake\foie_gras\576688.jpg,0
dataset/real\chicken_quesadilla\2897666.jpg,1
dataset/fake\chicken_curry\70091.jpg,0
dataset/real\poutine\945614.jpg,1
dataset/real\foie_gras\65222.jpg,1
dataset/real\french_fries\850387.jpg,1
dataset/fake\cup_cakes\84010.jpg,0
dataset/real\tiramisu\6032.jpg,1
dataset/real\risotto\8586.jpg,1
dataset/real\bibimbap\658380.jpg,1
dataset/fake\dumplings\855226.jpg,0
dataset/fake\grilled_salmon\945443.jpg,0
dataset/real\crab_cakes\921560.jpg,1
dataset/real\foie_gras\59910.jpg,1
dataset/real\creme_brulee\901303.jpg,1
dataset/fake\chocolate_mousse\98925.jpg,0
dataset/real\filet_mignon\87815.jpg,1
dataset/fake\strawberry_shortcake\97738.jpg,0
dataset/real\shrimp_and_grits\919726.jpg,1
dataset/fake\tacos\912020.jpg,0
dataset/fake\french_onion_soup\77894.jpg,0
dataset/real\lobster_roll_sandwich\9253.jpg,1
dataset/real\foie_gras\69329.jpg,1
dataset/real\strawberry_shortcake\97240.jpg,1
dataset/fake\ice_cream\921978.jpg,0
dataset/real\risotto\74799.jpg,1
dataset/real\edamame\771281.jpg,1
dataset/real\lobster_bisque\820485.jpg,1
dataset/real\red_velvet_cake\97406.jpg,1
dataset/real\strawberry_shortcake\67030.jpg,1
dataset/fake\prime_rib\9547.jpg,0
dataset/real\takoyaki\684789.jpg,1
dataset/real\spring_rolls\85452.jpg,1
dataset/fake\chicken_wings\1509959.jpg,0
dataset/fake\grilled_cheese_sandwich\782130.jpg,0
dataset/real\hot_and_sour_soup\70230.jpg,1
dataset/fake\filet_mignon\867003.jpg,0
dataset/real\lobster_roll_sandwich\91688.jpg,1
dataset/fake\foie_gras\80086.jpg,0
dataset/fake\lasagna\769760.jpg,0
dataset/real\gnocchi\760083.jpg,1
dataset/real\hot_and_sour_soup\617836.jpg,1
dataset/real\grilled_cheese_sandwich\795142.jpg,1
dataset/real\strawberry_shortcake\58388.jpg,1
dataset/real\grilled_salmon\922858.jpg,1
dataset/fake\miso_soup\860267.jpg,0
dataset/fake\poutine\938903.jpg,0
dataset/real\ice_cream\892598.jpg,1
dataset/real\huevos_rancheros\944587.jpg,1
dataset/real\samosa\801746.jpg,1
dataset/real\garlic_bread\789798.jpg,1
dataset/real\breakfast_burrito\1669932.jpg,1
dataset/real\french_toast\99857.jpg,1
dataset/real\tacos\85137.jpg,1
dataset/fake\huevos_rancheros\935838.jpg,0
dataset/real\poutine\863682.jpg,1
dataset/fake\chicken_wings\2349384.jpg,0
dataset/fake\hummus\94850.jpg,0
dataset/real\hamburger\730040.jpg,1
dataset/fake\risotto\713431.jpg,0
dataset/fake\pulled_pork_sandwich\971783.jpg,0
dataset/real\churros\884571.jpg,1
dataset/fake\greek_salad\995049.jpg,0
dataset/fake\bread_pudding\1196712.jpg,0
dataset/real\fried_rice\73525.jpg,1
dataset/fake\caesar_salad\301116.jpg,0
dataset/fake\edamame\97859.jpg,0
dataset/fake\bibimbap\725805.jpg,0
dataset/fake\chicken_quesadilla\3466414.jpg,0
dataset/fake\fish_and_chips\3748224.jpg,0
dataset/real\deviled_eggs\640422.jpg,1
dataset/fake\omelette\812242.jpg,0
dataset/fake\hot_dog\935952.jpg,0
dataset/fake\french_fries\82535.jpg,0
dataset/fake\lobster_bisque\829123.jpg,0
dataset/real\donuts\774254.jpg,1
dataset/fake\bread_pudding\2945251.jpg,0
dataset/real\ceviche\3276987.jpg,1
dataset/fake\takoyaki\684789.jpg,0
dataset/real\red_velvet_cake\6172.jpg,1
dataset/real\spaghetti_bolognese\805225.jpg,1
dataset/real\greek_salad\83665.jpg,1
dataset/fake\apple_pie\2819375.jpg,0
dataset/fake\croque_madame\997233.jpg,0
dataset/real\red_velvet_cake\95638.jpg,1
dataset/fake\french_fries\854381.jpg,0
dataset/real\caesar_salad\1158195.jpg,1
dataset/real\sashimi\749651.jpg,1
dataset/fake\carrot_cake\2280491.jpg,0
dataset/fake\caprese_salad\3479013.jpg,0
dataset/fake\breakfast_burrito\1388464.jpg,0
dataset/real\spaghetti_carbonara\710050.jpg,1
dataset/fake\greek_salad\961722.jpg,0
dataset/real\chicken_quesadilla\1539179.jpg,1
dataset/real\ceviche\3046608.jpg,1
dataset/fake\scallops\67010.jpg,0
dataset/real\breakfast_burrito\514317.jpg,1
dataset/real\edamame\745235.jpg,1
dataset/fake\apple_pie\2751755.jpg,0
dataset/fake\garlic_bread\827275.jpg,0
dataset/real\lobster_roll_sandwich\90373.jpg,1
dataset/fake\grilled_salmon\953784.jpg,0
dataset/real\hummus\872615.jpg,1
dataset/real\hot_dog\94430.jpg,1
dataset/real\grilled_salmon\905077.jpg,1
dataset/fake\dumplings\840855.jpg,0
dataset/fake\guacamole\878151.jpg,0
dataset/real\bread_pudding\1420072.jpg,1
dataset/fake\ramen\674178.jpg,0
dataset/real\hot_and_sour_soup\615327.jpg,1
dataset/real\ice_cream\891533.jpg,1
dataset/fake\deviled_eggs\649743.jpg,0
dataset/real\breakfast_burrito\2771420.jpg,1
dataset/fake\seaweed_salad\60390.jpg,0
dataset/real\beef_carpaccio\1371174.jpg,1
dataset/fake\baby_back_ribs\1615155.jpg,0
dataset/real\oysters\97263.jpg,1
dataset/real\steak\653303.jpg,1
dataset/fake\ravioli\806495.jpg,0
dataset/real\cheesecake\3296063.jpg,1
dataset/real\macaroni_and_cheese\6888.jpg,1
dataset/fake\ravioli\756650.jpg,0
dataset/fake\churros\937430.jpg,0
dataset/real\french_onion_soup\741785.jpg,1
dataset/fake\fried_calamari\650796.jpg,0
dataset/real\ceviche\127492.jpg,1
dataset/real\tuna_tartare\91163.jpg,1
dataset/fake\fried_calamari\64100.jpg,0
dataset/fake\pho\966806.jpg,0
dataset/real\creme_brulee\93244.jpg,1
dataset/real\pulled_pork_sandwich\968646.jpg,1
dataset/real\fried_rice\61692.jpg,1
dataset/fake\gyoza\82426.jpg,0
dataset/real\lobster_bisque\782974.jpg,1
dataset/fake\dumplings\848018.jpg,0
dataset/fake\sashimi\751929.jpg,0
dataset/fake\falafel\9787.jpg,0
dataset/fake\shrimp_and_grits\950325.jpg,0
dataset/fake\risotto\73975.jpg,0
dataset/fake\chocolate_cake\2029248.jpg,0
dataset/real\crab_cakes\938063.jpg,1
dataset/real\cup_cakes\9193.jpg,1
dataset/fake\breakfast_burrito\537375.jpg,0
dataset/real\pulled_pork_sandwich\64443.jpg,1
dataset/real\hot_and_sour_soup\80443.jpg,1
dataset/real\pho\926.jpg,1
dataset/real\lobster_roll_sandwich\96366.jpg,1
dataset/real\cup_cakes\71410.jpg,1
dataset/real\hamburger\81813.jpg,1
dataset/real\hummus\871829.jpg,1
dataset/real\fish_and_chips\2501991.jpg,1
dataset/real\beet_salad\1372465.jpg,1
dataset/real\pho\966806.jpg,1
dataset/fake\nachos\93041.jpg,0
dataset/fake\chicken_quesadilla\3831010.jpg,0
dataset/fake\takoyaki\85593.jpg,0
dataset/real\pancakes\83395.jpg,1
dataset/fake\garlic_bread\789798.jpg,0
dataset/real\beef_carpaccio\2250170.jpg,1
dataset/fake\croque_madame\7210.jpg,0
dataset/fake\eggs_benedict\992871.jpg,0
dataset/real\foie_gras\71445.jpg,1
dataset/real\beef_tartare\3661251.jpg,1
dataset/fake\waffles\87930.jpg,0
dataset/fake\peking_duck\82053.jpg,0
dataset/fake\sushi\900178.jpg,0
dataset/fake\poutine\9252.jpg,0
dataset/fake\pizza\72716.jpg,0
dataset/real\tuna_tartare\92149.jpg,1
dataset/real\oysters\933713.jpg,1
dataset/fake\scallops\66442.jpg,0
dataset/fake\edamame\77335.jpg,0
dataset/fake\pad_thai\89859.jpg,0
dataset/fake\ice_cream\918359.jpg,0
dataset/fake\bruschetta\3056362.jpg,0
dataset/real\hamburger\73340.jpg,1
dataset/fake\escargots\51543.jpg,0
dataset/fake\club_sandwich\865174.jpg,0
dataset/fake\pho\59788.jpg,0
dataset/real\fried_rice\62436.jpg,1
dataset/real\pizza\8917.jpg,1
dataset/real\filet_mignon\90376.jpg,1
dataset/fake\steak\6926.jpg,0
dataset/real\chicken_curry\3909329.jpg,1
dataset/real\fish_and_chips\3780634.jpg,1
dataset/real\cannoli\1262807.jpg,1
dataset/real\chocolate_mousse\899470.jpg,1
dataset/real\frozen_yogurt\624563.jpg,1
dataset/fake\deviled_eggs\634360.jpg,0
dataset/fake\omelette\766716.jpg,0
dataset/fake\waffles\97567.jpg,0
dataset/real\pancakes\83414.jpg,1
dataset/real\ramen\69211.jpg,1
dataset/fake\breakfast_burrito\2297748.jpg,0
dataset/fake\cannoli\544821.jpg,0
dataset/real\pancakes\69250.jpg,1
dataset/fake\filet_mignon\864215.jpg,0
dataset/real\strawberry_shortcake\967623.jpg,1
dataset/real\oysters\93643.jpg,1
dataset/real\chocolate_cake\3895991.jpg,1
dataset/real\tacos\874446.jpg,1
dataset/real\gnocchi\780369.jpg,1
dataset/fake\eggs_benedict\56601.jpg,0
dataset/fake\filet_mignon\91549.jpg,0
dataset/real\club_sandwich\888930.jpg,1
dataset/real\omelette\812508.jpg,1
dataset/real\peking_duck\70566.jpg,1
dataset/fake\churros\915843.jpg,0
dataset/real\deviled_eggs\7018.jpg,1
dataset/real\chocolate_cake\3155200.jpg,1
dataset/real\mussels\60812.jpg,1
dataset/real\lobster_roll_sandwich\849365.jpg,1
dataset/fake\deviled_eggs\660901.jpg,0
dataset/fake\scallops\74630.jpg,0
dataset/real\bruschetta\3812218.jpg,1
dataset/real\croque_madame\71170.jpg,1
dataset/real\apple_pie\3708762.jpg,1
dataset/real\tiramisu\508820.jpg,1
dataset/fake\spring_rolls\88158.jpg,0
dataset/real\huevos_rancheros\903136.jpg,1
dataset/fake\takoyaki\682236.jpg,0
dataset/fake\paella\65963.jpg,0
dataset/fake\huevos_rancheros\936755.jpg,0
dataset/real\falafel\929328.jpg,1
dataset/real\apple_pie\2536578.jpg,1
dataset/fake\mussels\76072.jpg,0
dataset/fake\crab_cakes\99114.jpg,0
dataset/fake\huevos_rancheros\893841.jpg,0
dataset/real\ceviche\1772849.jpg,1
dataset/fake\macarons\852762.jpg,0
dataset/fake\lobster_roll_sandwich\94234.jpg,0
dataset/fake\oysters\907982.jpg,0
dataset/fake\eggs_benedict\7582.jpg,0
dataset/real\cup_cakes\84496.jpg,1
dataset/fake\strawberry_shortcake\68861.jpg,0
dataset/real\beef_carpaccio\625990.jpg,1
dataset/fake\beet_salad\2925618.jpg,0
dataset/fake\beef_tartare\2077882.jpg,0
dataset/real\beef_tartare\190469.jpg,1
dataset/fake\prime_rib\99136.jpg,0
dataset/real\eggs_benedict\95702.jpg,1
dataset/fake\waffles\76239.jpg,0
dataset/fake\french_fries\852271.jpg,0
dataset/real\bibimbap\2409411.jpg,1
dataset/real\hot_dog\97149.jpg,1
dataset/real\omelette\794603.jpg,1
dataset/real\tacos\91964.jpg,1
dataset/fake\crab_cakes\921560.jpg,0
dataset/real\ramen\9029.jpg,1
dataset/fake\club_sandwich\84309.jpg,0
dataset/real\cup_cakes\86160.jpg,1
dataset/real\falafel\987526.jpg,1
dataset/real\filet_mignon\861057.jpg,1
dataset/real\french_fries\87020.jpg,1
dataset/real\spaghetti_bolognese\807657.jpg,1
dataset/fake\croque_madame\56038.jpg,0
dataset/fake\macaroni_and_cheese\93372.jpg,0
dataset/real\bruschetta\974802.jpg,1
dataset/fake\dumplings\9309.jpg,0
dataset/real\frozen_yogurt\80499.jpg,1
dataset/real\red_velvet_cake\62852.jpg,1
dataset/fake\club_sandwich\869999.jpg,0
dataset/real\grilled_salmon\937466.jpg,1
dataset/real\pizza\80750.jpg,1
dataset/fake\panna_cotta\603878.jpg,0
dataset/fake\risotto\78212.jpg,0
dataset/real\filet_mignon\89819.jpg,1
dataset/real\crab_cakes\950556.jpg,1
dataset/real\lasagna\788117.jpg,1
dataset/fake\ceviche\1205480.jpg,0
dataset/real\shrimp_and_grits\949988.jpg,1
dataset/fake\panna_cotta\93781.jpg,0
dataset/fake\escargots\80351.jpg,0
dataset/real\caprese_salad\1809604.jpg,1
dataset/real\french_toast\777939.jpg,1
dataset/fake\garlic_bread\806692.jpg,0
dataset/real\chicken_quesadilla\1967996.jpg,1
dataset/fake\shrimp_and_grits\918510.jpg,0
dataset/real\beef_carpaccio\2391246.jpg,1
dataset/real\apple_pie\2101662.jpg,1
dataset/real\fried_calamari\64144.jpg,1
dataset/fake\chocolate_cake\1637339.jpg,0
dataset/fake\fried_rice\63081.jpg,0
dataset/fake\beet_salad\3357923.jpg,0
dataset/real\tiramisu\64942.jpg,1
dataset/real\churros\924336.jpg,1
dataset/fake\cheesecake\3614194.jpg,0
dataset/fake\panna_cotta\7023.jpg,0
dataset/real\frozen_yogurt\77979.jpg,1
dataset/fake\tacos\875734.jpg,0
dataset/real\caesar_salad\3256715.jpg,1
dataset/fake\carrot_cake\395210.jpg,0
dataset/fake\crab_cakes\908592.jpg,0
dataset/real\garlic_bread\832999.jpg,1
dataset/fake\huevos_rancheros\923385.jpg,0
dataset/real\fried_rice\67830.jpg,1
dataset/fake\churros\904526.jpg,0
dataset/real\falafel\930442.jpg,1
dataset/fake\scallops\66443.jpg,0
dataset/fake\paella\585965.jpg,0
dataset/real\prime_rib\99934.jpg,1
dataset/real\gnocchi\89250.jpg,1
dataset/real\beet_salad\1288727.jpg,1
dataset/fake\fried_rice\92791.jpg,0
dataset/fake\guacamole\862492.jpg,0
dataset/fake\tacos\846311.jpg,0
dataset/fake\pancakes\69250.jpg,0
dataset/real\baby_back_ribs\3705644.jpg,1
dataset/real\bibimbap\3438792.jpg,1
dataset/real\huevos_rancheros\920489.jpg,1
dataset/real\tuna_tartare\90780.jpg,1
dataset/fake\chicken_curry\921382.jpg,0
dataset/fake\french_toast\77447.jpg,0
dataset/fake\frozen_yogurt\64228.jpg,0
dataset/fake\chocolate_cake\1881608.jpg,0
dataset/real\gnocchi\89170.jpg,1
dataset/real\macarons\875016.jpg,1
dataset/fake\pizza\998005.jpg,0
dataset/fake\grilled_cheese_sandwich\91131.jpg,0
dataset/real\tacos\835998.jpg,1
dataset/real\caesar_salad\832298.jpg,1
dataset/real\pho\7588.jpg,1
dataset/real\bruschetta\3056362.jpg,1
dataset/real\hamburger\82314.jpg,1
dataset/fake\cheese_plate\148467.jpg,0
dataset/real\bread_pudding\2650951.jpg,1
dataset/real\crab_cakes\908592.jpg,1
dataset/fake\baby_back_ribs\605068.jpg,0
dataset/fake\grilled_cheese_sandwich\770489.jpg,0
dataset/fake\cup_cakes\89713.jpg,0
dataset/real\seaweed_salad\80533.jpg,1
dataset/fake\chocolate_mousse\874806.jpg,0
dataset/fake\pancakes\90596.jpg,0
dataset/fake\peking_duck\563464.jpg,0
dataset/fake\chocolate_mousse\869174.jpg,0
dataset/fake\chocolate_mousse\850946.jpg,0
dataset/fake\baby_back_ribs\1959961.jpg,0
dataset/fake\poutine\853999.jpg,0
dataset/real\beef_tartare\3072015.jpg,1
dataset/fake\pho\996595.jpg,0
dataset/real\strawberry_shortcake\977955.jpg,1
dataset/fake\french_toast\81839.jpg,0
dataset/fake\garlic_bread\822147.jpg,0
dataset/fake\prime_rib\821163.jpg,0
dataset/fake\lobster_bisque\832653.jpg,0
dataset/real\spring_rolls\691378.jpg,1
dataset/fake\pancakes\85516.jpg,0
dataset/fake\ceviche\2659277.jpg,0
dataset/fake\baby_back_ribs\2601406.jpg,0
dataset/real\churros\937430.jpg,1
dataset/fake\chicken_curry\627128.jpg,0
dataset/real\waffles\87930.jpg,1
dataset/fake\lobster_roll_sandwich\99754.jpg,0
dataset/real\pulled_pork_sandwich\966993.jpg,1
dataset/real\waffles\97524.jpg,1
dataset/real\clam_chowder\906645.jpg,1
dataset/real\chicken_quesadilla\3472931.jpg,1
dataset/fake\hummus\874615.jpg,0
dataset/fake\foie_gras\9160.jpg,0
dataset/fake\lobster_roll_sandwich\849365.jpg,0
dataset/fake\churros\875514.jpg,0
dataset/real\caesar_salad\2050496.jpg,1
dataset/fake\garlic_bread\800393.jpg,0
dataset/real\fried_rice\518453.jpg,1
dataset/fake\beet_salad\3132380.jpg,0
dataset/fake\sushi\905387.jpg,0
dataset/fake\ceviche\3316955.jpg,0
dataset/real\clam_chowder\9768.jpg,1
dataset/real\ice_cream\893681.jpg,1
dataset/fake\caprese_salad\1379176.jpg,0
dataset/fake\pad_thai\777737.jpg,0
dataset/fake\waffles\761505.jpg,0
dataset/real\crab_cakes\947777.jpg,1
dataset/fake\fried_rice\68708.jpg,0
dataset/fake\ravioli\784006.jpg,0
dataset/fake\chocolate_cake\1240545.jpg,0
dataset/fake\tuna_tartare\839992.jpg,0
dataset/real\filet_mignon\867003.jpg,1
dataset/real\ice_cream\876967.jpg,1
dataset/real\cheese_plate\1043942.jpg,1
dataset/fake\crab_cakes\938063.jpg,0
dataset/fake\grilled_salmon\935302.jpg,0
dataset/fake\french_onion_soup\737247.jpg,0
dataset/real\carrot_cake\722121.jpg,1
dataset/real\baklava\671462.jpg,1
dataset/real\club_sandwich\859861.jpg,1
dataset/real\greek_salad\971218.jpg,1
dataset/fake\cannoli\1237436.jpg,0
dataset/fake\french_fries\847042.jpg,0
dataset/real\pancakes\692436.jpg,1
dataset/fake\peking_duck\568031.jpg,0
dataset/real\creme_brulee\896028.jpg,1
dataset/fake\caprese_salad\2150395.jpg,0
dataset/fake\carrot_cake\694824.jpg,0
dataset/fake\tiramisu\450920.jpg,0
dataset/fake\hot_and_sour_soup\636307.jpg,0
dataset/real\club_sandwich\95569.jpg,1
dataset/fake\cup_cakes\70625.jpg,0
dataset/fake\lasagna\788117.jpg,0
dataset/fake\hot_dog\92535.jpg,0
dataset/fake\cheese_plate\504113.jpg,0
dataset/fake\seaweed_salad\75519.jpg,0
dataset/real\scallops\655627.jpg,1
dataset/real\spaghetti_carbonara\685720.jpg,1
dataset/real\samosa\81021.jpg,1
dataset/real\miso_soup\854424.jpg,1
dataset/real\paella\96951.jpg,1
dataset/real\chicken_wings\391858.jpg,1
dataset/real\beet_salad\3357923.jpg,1
dataset/fake\huevos_rancheros\901116.jpg,0
dataset/real\steak\9555.jpg,1
dataset/real\chicken_curry\1513968.jpg,1
dataset/real\omelette\79767.jpg,1
dataset/fake\paella\595930.jpg,0
dataset/fake\onion_rings\95986.jpg,0
dataset/fake\garlic_bread\777202.jpg,0
dataset/fake\cheese_plate\3797343.jpg,0
dataset/fake\sushi\914741.jpg,0
dataset/real\pad_thai\766885.jpg,1
dataset/real\spring_rolls\688513.jpg,1
dataset/real\miso_soup\888066.jpg,1
dataset/fake\bibimbap\930571.jpg,0
dataset/real\strawberry_shortcake\97738.jpg,1
dataset/fake\chicken_wings\3028718.jpg,0
dataset/fake\hummus\85281.jpg,0
dataset/real\lobster_roll_sandwich\92733.jpg,1
dataset/real\pork_chop\644805.jpg,1
dataset/fake\beet_salad\1855829.jpg,0
dataset/real\huevos_rancheros\939545.jpg,1
dataset/real\foie_gras\69819.jpg,1
dataset/real\steak\644777.jpg,1
dataset/fake\poutine\875226.jpg,0
dataset/real\edamame\95354.jpg,1
dataset/real\pork_chop\71669.jpg,1
dataset/real\caesar_salad\2318780.jpg,1
dataset/real\donuts\87216.jpg,1
dataset/fake\edamame\771281.jpg,0
dataset/real\club_sandwich\93570.jpg,1
dataset/real\ravioli\774779.jpg,1
dataset/fake\sashimi\761080.jpg,0
dataset/fake\creme_brulee\917004.jpg,0
dataset/fake\french_onion_soup\774980.jpg,0
dataset/fake\risotto\93698.jpg,0
dataset/fake\clam_chowder\897152.jpg,0
dataset/real\caprese_salad\2884291.jpg,1
dataset/fake\paella\597551.jpg,0
dataset/real\gyoza\78536.jpg,1
dataset/fake\baklava\2321560.jpg,0
dataset/fake\gyoza\694561.jpg,0
dataset/fake\macarons\834982.jpg,0
dataset/fake\cheese_plate\1703787.jpg,0
dataset/fake\ceviche\2279938.jpg,0
dataset/real\ice_cream\900935.jpg,1
dataset/real\chicken_quesadilla\905097.jpg,1
dataset/fake\baklava\1432026.jpg,0
dataset/fake\fried_rice\72138.jpg,0
dataset/real\tuna_tartare\839992.jpg,1
dataset/fake\caesar_salad\3824310.jpg,0
dataset/real\hot_dog\96740.jpg,1
dataset/real\gyoza\705301.jpg,1
dataset/real\baby_back_ribs\1615155.jpg,1
dataset/fake\red_velvet_cake\641900.jpg,0
dataset/fake\omelette\84313.jpg,0
dataset/real\oysters\931386.jpg,1
dataset/fake\scallops\677469.jpg,0
dataset/fake\hummus\868622.jpg,0
dataset/fake\spaghetti_carbonara\721661.jpg,0
dataset/fake\red_velvet_cake\59791.jpg,0
dataset/fake\frozen_yogurt\66799.jpg,0
dataset/fake\shrimp_and_grits\912335.jpg,0
dataset/fake\creme_brulee\99276.jpg,0
dataset/real\bread_pudding\2603470.jpg,1
dataset/fake\pad_thai\743051.jpg,0
dataset/real\bibimbap\1723612.jpg,1
dataset/real\takoyaki\702511.jpg,1
dataset/fake\ramen\77655.jpg,0
dataset/fake\chocolate_mousse\882665.jpg,0
dataset/real\beet_salad\1103191.jpg,1
dataset/fake\cheesecake\2011657.jpg,0
dataset/fake\gnocchi\91814.jpg,0
dataset/real\cup_cakes\90772.jpg,1
dataset/real\french_fries\80887.jpg,1
dataset/fake\macaroni_and_cheese\671654.jpg,0
dataset/real\creme_brulee\929976.jpg,1
dataset/fake\paella\562232.jpg,0
dataset/real\fried_calamari\64100.jpg,1
dataset/real\cup_cakes\91387.jpg,1
dataset/real\crab_cakes\952010.jpg,1
dataset/real\apple_pie\739615.jpg,1
dataset/real\sashimi\98340.jpg,1
dataset/fake\foie_gras\98353.jpg,0
dataset/real\hamburger\75550.jpg,1
dataset/fake\pancakes\92441.jpg,0
dataset/fake\macarons\82185.jpg,0
dataset/fake\sashimi\739133.jpg,0
dataset/real\cheese_plate\2922026.jpg,1
dataset/real\miso_soup\878953.jpg,1
dataset/fake\sushi\898089.jpg,0
dataset/fake\chocolate_cake\3155200.jpg,0
dataset/real\pulled_pork_sandwich\943104.jpg,1
dataset/fake\ramen\99899.jpg,0
dataset/real\falafel\950261.jpg,1
dataset/fake\samosa\800516.jpg,0
dataset/fake\crab_cakes\914427.jpg,0
dataset/fake\poutine\945614.jpg,0
dataset/real\eggs_benedict\51429.jpg,1
dataset/fake\chicken_wings\2779577.jpg,0
dataset/real\mussels\67478.jpg,1
dataset/fake\gyoza\73070.jpg,0
dataset/fake\creme_brulee\9557.jpg,0
dataset/real\lobster_roll_sandwich\85224.jpg,1
dataset/real\fish_and_chips\925849.jpg,1
dataset/fake\pork_chop\92293.jpg,0
dataset/fake\lasagna\88459.jpg,0
dataset/fake\chicken_wings\1184967.jpg,0
dataset/real\caesar_salad\313053.jpg,1
dataset/real\clam_chowder\933386.jpg,1
dataset/real\french_fries\819521.jpg,1
dataset/fake\dumplings\9847.jpg,0
dataset/fake\caesar_salad\789194.jpg,0
dataset/fake\clam_chowder\894202.jpg,0
dataset/fake\sashimi\87381.jpg,0
dataset/fake\cheese_plate\535988.jpg,0
dataset/fake\omelette\94651.jpg,0
dataset/fake\falafel\987526.jpg,0
dataset/real\pho\998863.jpg,1
dataset/fake\pancakes\79573.jpg,0
dataset/fake\beignets\3019700.jpg,0
dataset/fake\sushi\96293.jpg,0
dataset/fake\shrimp_and_grits\918384.jpg,0
dataset/real\falafel\983810.jpg,1
dataset/real\filet_mignon\870415.jpg,1
dataset/real\hot_dog\91220.jpg,1
dataset/real\beef_carpaccio\2224490.jpg,1
dataset/real\baby_back_ribs\945139.jpg,1
dataset/fake\caprese_salad\779396.jpg,0
dataset/fake\baby_back_ribs\707137.jpg,0
dataset/fake\tuna_tartare\92453.jpg,0
dataset/real\chicken_curry\3039770.jpg,1
dataset/real\pork_chop\92293.jpg,1
dataset/real\fried_calamari\98974.jpg,1
dataset/fake\hamburger\91602.jpg,0
dataset/real\waffles\96181.jpg,1
dataset/real\deviled_eggs\615433.jpg,1
dataset/real\churros\890058.jpg,1
dataset/real\chicken_wings\2264351.jpg,1
dataset/fake\edamame\91319.jpg,0
dataset/real\fried_rice\64014.jpg,1
dataset/real\omelette\826870.jpg,1
dataset/fake\spaghetti_carbonara\700307.jpg,0
dataset/fake\eggs_benedict\98373.jpg,0
dataset/fake\steak\87246.jpg,0
dataset/real\spaghetti_carbonara\675724.jpg,1
dataset/fake\strawberry_shortcake\79565.jpg,0
dataset/real\paella\76566.jpg,1
dataset/fake\sushi\881859.jpg,0
dataset/real\frozen_yogurt\615371.jpg,1
dataset/fake\donuts\99223.jpg,0
dataset/real\chicken_curry\494229.jpg,1
dataset/fake\pizza\80750.jpg,0
dataset/real\nachos\68433.jpg,1
dataset/fake\caprese_salad\3205165.jpg,0
dataset/real\hamburger\734458.jpg,1
dataset/fake\croque_madame\994827.jpg,0
dataset/real\oysters\926262.jpg,1
dataset/fake\frozen_yogurt\615371.jpg,0
dataset/fake\baklava\3078639.jpg,0
dataset/real\fish_and_chips\2508219.jpg,1
dataset/fake\beet_salad\824932.jpg,0
dataset/real\tuna_tartare\867394.jpg,1
dataset/real\miso_soup\890555.jpg,1
dataset/fake\carrot_cake\2974893.jpg,0
dataset/real\chocolate_mousse\882665.jpg,1
dataset/fake\lobster_bisque\777352.jpg,0
dataset/real\cheese_plate\250945.jpg,1
dataset/real\deviled_eggs\9836.jpg,1
dataset/real\nachos\552246.jpg,1
dataset/fake\beef_tartare\1472818.jpg,0
dataset/real\chocolate_cake\1881608.jpg,1
dataset/real\greek_salad\68852.jpg,1
dataset/real\hot_dog\910098.jpg,1
dataset/real\chicken_wings\2349384.jpg,1
dataset/fake\cup_cakes\91203.jpg,0
dataset/real\prime_rib\9657.jpg,1
dataset/real\chicken_quesadilla\2604782.jpg,1
dataset/fake\guacamole\907725.jpg,0
dataset/real\tiramisu\443212.jpg,1
dataset/real\onion_rings\738107.jpg,1
dataset/real\beignets\1699850.jpg,1
dataset/real\caesar_salad\2911058.jpg,1
dataset/real\donuts\9843.jpg,1
dataset/real\french_fries\854381.jpg,1
dataset/real\lobster_bisque\846125.jpg,1
dataset/fake\waffles\764801.jpg,0
dataset/fake\ceviche\768773.jpg,0
dataset/fake\foie_gras\65222.jpg,0
dataset/fake\french_toast\94737.jpg,0
dataset/real\baby_back_ribs\2785758.jpg,1
dataset/real\ravioli\8103.jpg,1
dataset/real\macaroni_and_cheese\652835.jpg,1
dataset/real\bibimbap\3851349.jpg,1
dataset/real\garlic_bread\833071.jpg,1
dataset/real\cup_cakes\70180.jpg,1
dataset/fake\pork_chop\633194.jpg,0
dataset/real\french_toast\831641.jpg,1
dataset/fake\beef_carpaccio\1371174.jpg,0
dataset/fake\ceviche\3396168.jpg,0
dataset/real\pork_chop\90125.jpg,1
dataset/real\scallops\677469.jpg,1
dataset/fake\fried_rice\515907.jpg,0
dataset/real\chicken_wings\1503564.jpg,1
dataset/fake\mussels\67478.jpg,0
dataset/fake\clam_chowder\906280.jpg,0
dataset/real\bibimbap\725805.jpg,1
dataset/fake\bread_pudding\3454020.jpg,0
dataset/real\guacamole\851605.jpg,1
dataset/real\miso_soup\844314.jpg,1
dataset/fake\beef_carpaccio\1956862.jpg,0
dataset/fake\spring_rolls\90116.jpg,0
dataset/fake\huevos_rancheros\94833.jpg,0
dataset/real\clam_chowder\891257.jpg,1
dataset/real\scallops\79150.jpg,1
dataset/fake\chocolate_mousse\871487.jpg,0
dataset/fake\tacos\863882.jpg,0
dataset/fake\hot_and_sour_soup\615327.jpg,0
dataset/fake\lobster_bisque\820485.jpg,0
dataset/real\cup_cakes\8898.jpg,1
dataset/fake\bibimbap\3655671.jpg,0
dataset/real\escargots\996455.jpg,1
dataset/fake\chocolate_mousse\87225.jpg,0
dataset/real\baklava\441109.jpg,1
dataset/fake\sashimi\749651.jpg,0
dataset/fake\nachos\545659.jpg,0
dataset/real\falafel\94008.jpg,1
dataset/real\pho\988049.jpg,1
dataset/fake\gyoza\74395.jpg,0
dataset/real\macaroni_and_cheese\99170.jpg,1
dataset/real\caesar_salad\2568397.jpg,1
dataset/fake\gyoza\77377.jpg,0
dataset/fake\spaghetti_bolognese\832660.jpg,0
dataset/real\steak\644867.jpg,1
dataset/real\breakfast_burrito\314122.jpg,1
dataset/real\hummus\85617.jpg,1
dataset/real\ceviche\1205480.jpg,1
dataset/real\eggs_benedict\7582.jpg,1
dataset/real\scallops\661684.jpg,1
dataset/real\cheesecake\929004.jpg,1
dataset/real\apple_pie\1214326.jpg,1
dataset/fake\garlic_bread\793782.jpg,0
dataset/real\cup_cakes\96964.jpg,1
dataset/fake\greek_salad\89149.jpg,0
dataset/fake\spring_rolls\78171.jpg,0
dataset/fake\escargots\525348.jpg,0
dataset/fake\caesar_salad\2354912.jpg,0
dataset/real\steak\6926.jpg,1
dataset/fake\foie_gras\59910.jpg,0
dataset/fake\mussels\60812.jpg,0
dataset/real\takoyaki\660600.jpg,1
dataset/fake\huevos_rancheros\933347.jpg,0
dataset/real\baby_back_ribs\2687000.jpg,1
dataset/fake\frozen_yogurt\99252.jpg,0
dataset/fake\panna_cotta\97774.jpg,0
dataset/real\cheese_plate\1976426.jpg,1
dataset/real\croque_madame\78825.jpg,1
dataset/fake\tuna_tartare\92149.jpg,0
dataset/fake\cannoli\1506538.jpg,0
dataset/fake\carrot_cake\3484336.jpg,0
dataset/real\fried_calamari\633370.jpg,1
dataset/fake\macaroni_and_cheese\652835.jpg,0
dataset/real\escargots\87500.jpg,1
dataset/fake\deviled_eggs\639067.jpg,0
dataset/fake\chocolate_cake\2398993.jpg,0
dataset/fake\nachos\79004.jpg,0
dataset/real\red_velvet_cake\61276.jpg,1
dataset/real\paella\65963.jpg,1
dataset/real\strawberry_shortcake\998982.jpg,1
dataset/real\deviled_eggs\618957.jpg,1
dataset/real\cheese_plate\3730111.jpg,1
dataset/real\huevos_rancheros\92013.jpg,1
dataset/fake\foie_gras\567476.jpg,0
dataset/fake\greek_salad\94603.jpg,0
dataset/fake\baby_back_ribs\2456889.jpg,0
dataset/real\pho\59788.jpg,1
dataset/real\hummus\847612.jpg,1
dataset/real\beef_carpaccio\2885421.jpg,1
dataset/fake\ice_cream\904496.jpg,0
dataset/fake\nachos\92485.jpg,0
dataset/fake\donuts\750287.jpg,0
dataset/real\pizza\998005.jpg,1
dataset/fake\spring_rolls\90481.jpg,0
dataset/real\panna_cotta\639078.jpg,1
dataset/fake\pad_thai\753725.jpg,0
dataset/fake\escargots\70413.jpg,0
dataset/fake\hamburger\740621.jpg,0
dataset/fake\poutine\848180.jpg,0
dataset/real\chocolate_cake\1637339.jpg,1
dataset/fake\tiramisu\521453.jpg,0
dataset/real\caesar_salad\789194.jpg,1
dataset/fake\peking_duck\87927.jpg,0
dataset/fake\crab_cakes\957543.jpg,0
dataset/fake\bruschetta\2218786.jpg,0
dataset/fake\creme_brulee\922930.jpg,0
dataset/fake\cannoli\2869264.jpg,0
dataset/fake\guacamole\99010.jpg,0
dataset/fake\ice_cream\90167.jpg,0
dataset/fake\tacos\837058.jpg,0
dataset/real\onion_rings\95986.jpg,1
dataset/real\ramen\711834.jpg,1
dataset/real\edamame\76447.jpg,1
dataset/fake\miso_soup\874075.jpg,0
dataset/fake\tiramisu\524973.jpg,0
dataset/fake\croque_madame\71170.jpg,0
dataset/real\grilled_cheese_sandwich\783187.jpg,1
dataset/fake\spring_rolls\92235.jpg,0
dataset/real\edamame\97859.jpg,1
dataset/fake\donuts\98562.jpg,0
dataset/real\hamburger\91566.jpg,1
dataset/fake\frozen_yogurt\83910.jpg,0
dataset/real\waffles\97015.jpg,1
dataset/real\chicken_quesadilla\3831010.jpg,1
dataset/fake\ceviche\1919573.jpg,0
dataset/real\greek_salad\961722.jpg,1
dataset/fake\donuts\878.jpg,0
dataset/real\eggs_benedict\962834.jpg,1
dataset/real\tacos\83935.jpg,1
dataset/real\samosa\822028.jpg,1
dataset/fake\bread_pudding\41004.jpg,0
dataset/real\beef_tartare\1472818.jpg,1
dataset/real\carrot_cake\3484336.jpg,1
dataset/fake\poutine\935619.jpg,0
dataset/fake\tiramisu\445981.jpg,0
dataset/fake\crab_cakes\919643.jpg,0
dataset/real\croque_madame\465905.jpg,1
dataset/fake\samosa\798802.jpg,0
dataset/real\oysters\907314.jpg,1
dataset/real\edamame\784656.jpg,1
dataset/real\club_sandwich\863416.jpg,1
dataset/real\paella\61029.jpg,1
dataset/real\apple_pie\2445712.jpg,1
dataset/real\pizza\99604.jpg,1
dataset/fake\edamame\76528.jpg,0
dataset/fake\club_sandwich\864981.jpg,0
dataset/real\guacamole\99890.jpg,1
dataset/fake\macarons\828950.jpg,0
dataset/real\baklava\295863.jpg,1
dataset/real\oysters\929887.jpg,1
dataset/real\scallops\682242.jpg,1
dataset/fake\omelette\809248.jpg,0
dataset/real\greek_salad\72487.jpg,1
dataset/fake\beet_salad\1288727.jpg,0
dataset/real\grilled_salmon\952864.jpg,1
dataset/fake\frozen_yogurt\76788.jpg,0
dataset/real\macarons\852762.jpg,1
dataset/real\gnocchi\784964.jpg,1
dataset/real\risotto\93698.jpg,1
dataset/fake\clam_chowder\924933.jpg,0
dataset/real\bibimbap\2994086.jpg,1
dataset/fake\beignets\2017066.jpg,0
dataset/fake\escargots\88877.jpg,0
dataset/fake\hot_dog\92613.jpg,0
dataset/real\gyoza\714492.jpg,1
dataset/real\crab_cakes\964108.jpg,1
dataset/fake\french_onion_soup\7746.jpg,0
dataset/real\bruschetta\3698659.jpg,1
dataset/fake\beignets\1699850.jpg,0
dataset/real\tiramisu\488636.jpg,1
dataset/real\oysters\899305.jpg,1
dataset/real\sashimi\790172.jpg,1
dataset/real\lobster_bisque\874734.jpg,1
dataset/fake\clam_chowder\915036.jpg,0
dataset/real\grilled_cheese_sandwich\779143.jpg,1
dataset/fake\seaweed_salad\71934.jpg,0
dataset/fake\eggs_benedict\962834.jpg,0
dataset/real\beef_carpaccio\2072790.jpg,1
dataset/fake\beignets\1883893.jpg,0
dataset/real\beet_salad\3568296.jpg,1
dataset/fake\cheesecake\3296063.jpg,0
dataset/real\tacos\853830.jpg,1
dataset/real\waffles\74327.jpg,1
dataset/real\pizza\998719.jpg,1
dataset/real\onion_rings\71645.jpg,1
dataset/fake\gnocchi\89365.jpg,0
dataset/real\bibimbap\1844046.jpg,1
dataset/fake\risotto\71446.jpg,0
dataset/real\caprese_salad\3903556.jpg,1
dataset/fake\caprese_salad\1809604.jpg,0
dataset/real\scallops\89816.jpg,1
dataset/real\chicken_curry\1638863.jpg,1
dataset/fake\omelette\97045.jpg,0
dataset/fake\beet_salad\1887196.jpg,0
dataset/fake\pho\58153.jpg,0
dataset/fake\garlic_bread\852418.jpg,0
dataset/real\fish_and_chips\1611179.jpg,1
dataset/fake\macarons\850285.jpg,0
dataset/real\tiramisu\514938.jpg,1
dataset/real\beignets\3545553.jpg,1
dataset/real\chicken_quesadilla\3876388.jpg,1
dataset/fake\chicken_curry\403121.jpg,0
dataset/fake\pulled_pork_sandwich\64443.jpg,0
dataset/real\hot_dog\926070.jpg,1
dataset/fake\panna_cotta\98261.jpg,0
dataset/real\churros\934533.jpg,1
dataset/real\bread_pudding\2945251.jpg,1
dataset/fake\french_toast\95614.jpg,0
dataset/fake\gnocchi\798948.jpg,0
dataset/fake\crab_cakes\911468.jpg,0
dataset/real\filet_mignon\86924.jpg,1
dataset/fake\caesar_salad\3256715.jpg,0
dataset/fake\filet_mignon\86924.jpg,0
dataset/fake\sashimi\76496.jpg,0
dataset/fake\filet_mignon\886682.jpg,0
dataset/real\macarons\99949.jpg,1
dataset/real\ramen\68147.jpg,1
dataset/real\french_fries\839871.jpg,1
dataset/real\dumplings\821593.jpg,1
dataset/fake\cup_cakes\9193.jpg,0
dataset/real\cannoli\739803.jpg,1
dataset/fake\omelette\794428.jpg,0
dataset/fake\cannoli\2057635.jpg,0
dataset/fake\hummus\85617.jpg,0
dataset/real\mussels\88984.jpg,1
dataset/fake\fried_rice\55344.jpg,0
dataset/fake\cheesecake\2334103.jpg,0
dataset/real\onion_rings\87362.jpg,1
dataset/fake\macarons\813910.jpg,0
dataset/real\creme_brulee\99109.jpg,1
dataset/fake\gyoza\710516.jpg,0
dataset/fake\beef_tartare\1037894.jpg,0
dataset/fake\grilled_cheese_sandwich\96260.jpg,0
dataset/fake\oysters\899305.jpg,0
dataset/fake\french_fries\828160.jpg,0
dataset/real\breakfast_burrito\526532.jpg,1
dataset/fake\fried_calamari\83599.jpg,0
dataset/real\churros\909570.jpg,1
dataset/fake\risotto\8586.jpg,0
dataset/real\risotto\71446.jpg,1
dataset/fake\greek_salad\971218.jpg,0
dataset/fake\eggs_benedict\95702.jpg,0
dataset/real\chocolate_mousse\873750.jpg,1
dataset/fake\scallops\668057.jpg,0
dataset/fake\donuts\778563.jpg,0
dataset/fake\tuna_tartare\817853.jpg,0
dataset/real\macaroni_and_cheese\671654.jpg,1
dataset/real\donuts\759475.jpg,1
dataset/fake\carrot_cake\1585504.jpg,0
dataset/real\huevos_rancheros\901276.jpg,1
dataset/fake\falafel\983810.jpg,0
dataset/fake\macaroni_and_cheese\67693.jpg,0
dataset/fake\fish_and_chips\2508219.jpg,0
dataset/fake\sushi\897488.jpg,0
dataset/fake\takoyaki\86899.jpg,0
dataset/real\carrot_cake\1419679.jpg,1
dataset/real\chicken_wings\3401362.jpg,1
dataset/fake\clam_chowder\99271.jpg,0
dataset/fake\miso_soup\878953.jpg,0
dataset/real\foie_gras\576319.jpg,1
dataset/fake\beef_tartare\3661251.jpg,0
dataset/fake\edamame\84995.jpg,0
dataset/fake\seaweed_salad\602385.jpg,0
dataset/real\french_toast\83655.jpg,1
dataset/real\waffles\82242.jpg,1
dataset/fake\takoyaki\669605.jpg,0
dataset/real\tacos\870327.jpg,1
dataset/real\hot_and_sour_soup\74443.jpg,1
dataset/fake\escargots\517242.jpg,0
dataset/fake\hot_and_sour_soup\611992.jpg,0
dataset/real\mussels\63226.jpg,1
dataset/fake\club_sandwich\888930.jpg,0
dataset/real\lobster_roll_sandwich\86021.jpg,1
dataset/real\strawberry_shortcake\960565.jpg,1
dataset/real\tiramisu\441252.jpg,1
dataset/fake\oysters\98161.jpg,0
dataset/fake\red_velvet_cake\95638.jpg,0
dataset/real\beef_carpaccio\691812.jpg,1
dataset/fake\breakfast_burrito\3259142.jpg,0
dataset/real\filet_mignon\91549.jpg,1
dataset/real\scallops\700061.jpg,1
dataset/fake\gnocchi\781572.jpg,0
dataset/fake\guacamole\851605.jpg,0
dataset/real\tiramisu\524973.jpg,1
dataset/real\prime_rib\89502.jpg,1
dataset/real\caprese_salad\2496837.jpg,1
dataset/fake\onion_rings\741605.jpg,0
dataset/fake\chicken_quesadilla\2132661.jpg,0
dataset/fake\bruschetta\3858477.jpg,0
dataset/real\strawberry_shortcake\62943.jpg,1
dataset/fake\tiramisu\80043.jpg,0
dataset/real\hot_dog\93647.jpg,1
dataset/fake\lasagna\772991.jpg,0
dataset/fake\beignets\924187.jpg,0
dataset/real\foie_gras\80086.jpg,1
dataset/real\cheese_plate\1703787.jpg,1
dataset/fake\carrot_cake\1425928.jpg,0
dataset/fake\sushi\888125.jpg,0
dataset/real\chicken_curry\2641642.jpg,1
dataset/fake\dumplings\99207.jpg,0
dataset/fake\beef_carpaccio\625990.jpg,0
dataset/fake\spaghetti_bolognese\804508.jpg,0
dataset/fake\french_onion_soup\755592.jpg,0
dataset/fake\dumplings\90985.jpg,0
dataset/fake\breakfast_burrito\1669932.jpg,0
dataset/fake\tuna_tartare\781885.jpg,0
dataset/fake\cup_cakes\67469.jpg,0
dataset/fake\crab_cakes\937161.jpg,0
dataset/fake\oysters\894771.jpg,0
dataset/real\grilled_cheese_sandwich\89862.jpg,1
dataset/fake\frozen_yogurt\69915.jpg,0
dataset/real\tiramisu\62828.jpg,1
dataset/real\waffles\98238.jpg,1
dataset/fake\cannoli\739803.jpg,0
dataset/real\ramen\85641.jpg,1
dataset/fake\french_fries\80887.jpg,0
dataset/real\risotto\716450.jpg,1
dataset/real\chocolate_mousse\904759.jpg,1
dataset/fake\pad_thai\94317.jpg,0
dataset/real\foie_gras\71471.jpg,1
dataset/fake\apple_pie\739615.jpg,0
dataset/real\poutine\884863.jpg,1
dataset/fake\french_toast\96068.jpg,0
dataset/fake\grilled_cheese_sandwich\767169.jpg,0
dataset/fake\hamburger\732473.jpg,0
dataset/fake\lobster_bisque\788020.jpg,0
dataset/fake\donuts\756993.jpg,0
dataset/real\scallops\6736.jpg,1
dataset/real\pork_chop\653797.jpg,1
dataset/real\guacamole\862492.jpg,1
dataset/fake\frozen_yogurt\72830.jpg,0
dataset/real\takoyaki\687832.jpg,1
dataset/fake\takoyaki\674801.jpg,0
dataset/fake\club_sandwich\883455.jpg,0
dataset/fake\french_toast\825029.jpg,0
dataset/fake\greek_salad\955397.jpg,0
dataset/fake\greek_salad\949442.jpg,0
dataset/real\frozen_yogurt\99383.jpg,1
dataset/real\bibimbap\1738483.jpg,1
dataset/fake\macarons\847954.jpg,0
dataset/real\grilled_cheese_sandwich\785954.jpg,1
dataset/fake\takoyaki\670312.jpg,0
dataset/fake\carrot_cake\215226.jpg,0
dataset/real\breakfast_burrito\3883861.jpg,1
dataset/real\cannoli\1729486.jpg,1
dataset/fake\lobster_roll_sandwich\96366.jpg,0
dataset/real\hot_and_sour_soup\80543.jpg,1
dataset/real\falafel\9787.jpg,1
dataset/real\risotto\97535.jpg,1
dataset/real\miso_soup\833468.jpg,1
dataset/real\gnocchi\798948.jpg,1
dataset/real\club_sandwich\856659.jpg,1
dataset/fake\chicken_curry\2248177.jpg,0
dataset/fake\churros\879361.jpg,0
dataset/fake\risotto\691818.jpg,0
dataset/fake\pulled_pork_sandwich\943104.jpg,0
dataset/real\pad_thai\94744.jpg,1
dataset/real\french_toast\96068.jpg,1
dataset/fake\fried_calamari\80030.jpg,0
dataset/real\beignets\1040454.jpg,1
dataset/fake\risotto\74799.jpg,0
dataset/real\escargots\70413.jpg,1
dataset/real\paella\595930.jpg,1
dataset/fake\nachos\62094.jpg,0
dataset/fake\ramen\702674.jpg,0
dataset/fake\carrot_cake\2894362.jpg,0
dataset/fake\edamame\759609.jpg,0
dataset/real\lobster_bisque\868207.jpg,1
dataset/fake\french_fries\80865.jpg,0
dataset/real\escargots\76610.jpg,1
dataset/real\ceviche\3316955.jpg,1
dataset/real\onion_rings\743949.jpg,1
dataset/fake\takoyaki\675036.jpg,0
dataset/fake\samosa\822028.jpg,0
dataset/real\tacos\8350.jpg,1
dataset/fake\chocolate_cake\1519529.jpg,0
dataset/fake\mussels\596184.jpg,0
dataset/real\bread_pudding\1196712.jpg,1
dataset/real\filet_mignon\887040.jpg,1
dataset/real\chocolate_cake\1240545.jpg,1
dataset/fake\deviled_eggs\640422.jpg,0
dataset/fake\ceviche\1598359.jpg,0
dataset/fake\strawberry_shortcake\97240.jpg,0
dataset/fake\waffles\737611.jpg,0
dataset/fake\baby_back_ribs\2977633.jpg,0
dataset/fake\beef_tartare\3587417.jpg,0
dataset/real\lobster_bisque\825585.jpg,1
dataset/fake\red_velvet_cake\6172.jpg,0
dataset/real\churros\95272.jpg,1
dataset/real\chocolate_mousse\871487.jpg,1
dataset/fake\falafel\985813.jpg,0
dataset/real\spaghetti_bolognese\844903.jpg,1
dataset/real\dumplings\848018.jpg,1
dataset/fake\guacamole\907331.jpg,0
dataset/fake\grilled_cheese_sandwich\775154.jpg,0
dataset/fake\french_onion_soup\761427.jpg,0
dataset/real\french_toast\790438.jpg,1
dataset/real\strawberry_shortcake\967453.jpg,1
dataset/fake\samosa\778752.jpg,0
dataset/fake\waffles\753739.jpg,0
dataset/fake\macarons\99949.jpg,0
dataset/real\ice_cream\904496.jpg,1
dataset/fake\eggs_benedict\983260.jpg,0
dataset/fake\pizza\979955.jpg,0
dataset/fake\strawberry_shortcake\81428.jpg,0
dataset/real\paella\585965.jpg,1
dataset/fake\cannoli\1262807.jpg,0
dataset/fake\mussels\72165.jpg,0
dataset/fake\caprese_salad\2496837.jpg,0
dataset/real\onion_rings\726720.jpg,1
dataset/fake\lobster_bisque\782974.jpg,0
dataset/real\red_velvet_cake\601639.jpg,1
dataset/real\steak\658189.jpg,1
dataset/fake\french_toast\791295.jpg,0
dataset/fake\grilled_salmon\910023.jpg,0
dataset/real\falafel\988764.jpg,1
dataset/real\waffles\764801.jpg,1
dataset/fake\creme_brulee\924589.jpg,0
dataset/fake\beef_carpaccio\1039955.jpg,0
dataset/real\pho\5968.jpg,1
dataset/fake\tacos\835998.jpg,0
dataset/real\spaghetti_bolognese\792517.jpg,1
dataset/real\ravioli\806495.jpg,1
dataset/fake\lobster_bisque\813991.jpg,0
dataset/real\creme_brulee\918961.jpg,1
dataset/real\hot_and_sour_soup\632681.jpg,1
dataset/real\gnocchi\8963.jpg,1
dataset/real\tiramisu\63187.jpg,1
dataset/fake\bruschetta\396542.jpg,0
dataset/real\pho\59434.jpg,1
dataset/real\cannoli\1237436.jpg,1
dataset/real\donuts\771276.jpg,1
dataset/fake\scallops\691199.jpg,0
dataset/real\risotto\717314.jpg,1
dataset/real\croque_madame\7210.jpg,1
dataset/fake\dumplings\8372.jpg,0
dataset/real\escargots\74996.jpg,1
dataset/real\risotto\691147.jpg,1
dataset/real\filet_mignon\854250.jpg,1
dataset/real\seaweed_salad\602385.jpg,1
dataset/real\ice_cream\97166.jpg,1
dataset/real\donuts\750287.jpg,1
dataset/real\hamburger\76858.jpg,1
dataset/real\tacos\910144.jpg,1
dataset/fake\filet_mignon\867732.jpg,0
dataset/real\panna_cotta\60714.jpg,1
dataset/fake\hot_and_sour_soup\605161.jpg,0
dataset/real\fish_and_chips\958644.jpg,1
dataset/fake\shrimp_and_grits\92468.jpg,0
dataset/real\chicken_quesadilla\2785982.jpg,1
dataset/real\churros\879361.jpg,1
dataset/real\peking_duck\70601.jpg,1
dataset/real\donuts\97163.jpg,1
dataset/real\tuna_tartare\783821.jpg,1
dataset/fake\cheesecake\2346728.jpg,0
dataset/fake\peking_duck\7407.jpg,0
dataset/real\hummus\894954.jpg,1
dataset/fake\pork_chop\70768.jpg,0
dataset/real\paella\589947.jpg,1
dataset/real\french_onion_soup\76514.jpg,1
dataset/fake\churros\95272.jpg,0
dataset/fake\hummus\878537.jpg,0
dataset/real\shrimp_and_grits\947809.jpg,1
dataset/fake\clam_chowder\905242.jpg,0
dataset/fake\beet_salad\2619761.jpg,0
dataset/fake\deviled_eggs\637148.jpg,0
dataset/fake\pho\926.jpg,0
dataset/fake\filet_mignon\85447.jpg,0
dataset/real\spaghetti_bolognese\842161.jpg,1
dataset/real\gyoza\726010.jpg,1
dataset/real\bread_pudding\1018769.jpg,1
dataset/real\caesar_salad\1865934.jpg,1
dataset/fake\edamame\765568.jpg,0
dataset/real\hot_dog\916396.jpg,1
dataset/real\baklava\189311.jpg,1
dataset/fake\cup_cakes\7806.jpg,0
dataset/real\bruschetta\2018456.jpg,1
dataset/real\spring_rolls\702057.jpg,1
dataset/real\fish_and_chips\305528.jpg,1
dataset/fake\sushi\93139.jpg,0
dataset/fake\crab_cakes\952010.jpg,0
dataset/real\ceviche\768773.jpg,1
dataset/fake\peking_duck\5925.jpg,0
dataset/fake\red_velvet_cake\64738.jpg,0
dataset/fake\tacos\874556.jpg,0
dataset/fake\steak\660900.jpg,0
dataset/real\falafel\7396.jpg,1
dataset/real\gnocchi\8880.jpg,1
dataset/fake\pizza\77677.jpg,0
dataset/fake\onion_rings\85913.jpg,0
dataset/real\baklava\2137008.jpg,1
dataset/real\strawberry_shortcake\81428.jpg,1
dataset/real\caesar_salad\1824467.jpg,1
dataset/fake\omelette\812490.jpg,0
dataset/real\risotto\73975.jpg,1
dataset/real\ramen\95056.jpg,1
dataset/real\gnocchi\79483.jpg,1
dataset/real\greek_salad\997715.jpg,1
dataset/real\falafel\993488.jpg,1
dataset/fake\huevos_rancheros\901276.jpg,0
dataset/real\scallops\66442.jpg,1
dataset/fake\lobster_bisque\873360.jpg,0
dataset/real\escargots\96806.jpg,1
dataset/fake\fish_and_chips\3353464.jpg,0
dataset/fake\scallops\6736.jpg,0
dataset/fake\guacamole\902627.jpg,0
dataset/fake\chicken_curry\316155.jpg,0
dataset/fake\apple_pie\1214326.jpg,0
dataset/real\ceviche\1783159.jpg,1
dataset/real\caesar_salad\3289797.jpg,1
dataset/fake\ravioli\793044.jpg,0
dataset/real\pork_chop\99739.jpg,1
dataset/real\mussels\610478.jpg,1
dataset/real\escargots\88503.jpg,1
dataset/real\seaweed_salad\97529.jpg,1
dataset/real\clam_chowder\905093.jpg,1
dataset/real\huevos_rancheros\902239.jpg,1
dataset/fake\croque_madame\57938.jpg,0
dataset/real\foie_gras\71779.jpg,1
dataset/real\waffles\737503.jpg,1
dataset/fake\takoyaki\668423.jpg,0
dataset/real\pad_thai\737018.jpg,1
dataset/real\cannoli\694221.jpg,1
dataset/real\spaghetti_carbonara\700307.jpg,1
dataset/real\poutine\848180.jpg,1
dataset/fake\creme_brulee\890324.jpg,0
dataset/real\donuts\778563.jpg,1
dataset/fake\seaweed_salad\97529.jpg,0
dataset/fake\escargots\87500.jpg,0
dataset/real\pho\5723.jpg,1
dataset/real\takoyaki\88731.jpg,1
dataset/fake\deviled_eggs\647099.jpg,0
dataset/fake\beet_salad\3568296.jpg,0
dataset/real\french_fries\845350.jpg,1
dataset/real\club_sandwich\837798.jpg,1
dataset/fake\caesar_salad\2761224.jpg,0
dataset/fake\hummus\99596.jpg,0
dataset/fake\sushi\888777.jpg,0
dataset/fake\miso_soup\833468.jpg,0
dataset/real\caprese_salad\3031139.jpg,1
dataset/real\macarons\879904.jpg,1
dataset/real\french_fries\80865.jpg,1
dataset/fake\chicken_wings\2878316.jpg,0
dataset/fake\club_sandwich\886180.jpg,0
dataset/fake\deviled_eggs\615433.jpg,0
dataset/fake\ceviche\3276987.jpg,0
dataset/fake\tiramisu\487955.jpg,0
dataset/fake\beef_carpaccio\2605475.jpg,0
dataset/real\gyoza\710516.jpg,1
dataset/real\edamame\747067.jpg,1
dataset/fake\pork_chop\84929.jpg,0
dataset/fake\steak\653303.jpg,0
dataset/fake\fried_calamari\97849.jpg,0
dataset/fake\miso_soup\851129.jpg,0
dataset/real\hamburger\91602.jpg,1
dataset/fake\shrimp_and_grits\935610.jpg,0
dataset/fake\chocolate_mousse\891547.jpg,0
dataset/real\pizza\65128.jpg,1
dataset/real\beef_carpaccio\1222478.jpg,1
dataset/fake\sashimi\744663.jpg,0
dataset/real\seaweed_salad\93734.jpg,1
dataset/fake\spaghetti_carbonara\700566.jpg,0
dataset/fake\omelette\800743.jpg,0
dataset/fake\dumplings\821959.jpg,0
dataset/real\omelette\7566.jpg,1
dataset/real\scallops\74630.jpg,1
dataset/real\chocolate_cake\1519529.jpg,1
dataset/real\prime_rib\844644.jpg,1
dataset/real\peking_duck\63425.jpg,1
dataset/fake\spaghetti_bolognese\844903.jpg,0
dataset/real\ramen\681899.jpg,1
dataset/real\lobster_roll_sandwich\843845.jpg,1
dataset/fake\churros\927506.jpg,0
dataset/real\cheesecake\497262.jpg,1
dataset/real\edamame\93014.jpg,1
dataset/real\hot_and_sour_soup\654722.jpg,1
dataset/real\ramen\703171.jpg,1
dataset/fake\pizza\63480.jpg,0
dataset/real\cup_cakes\7806.jpg,1
dataset/real\ravioli\784006.jpg,1
dataset/fake\spring_rolls\7847.jpg,0
dataset/fake\prime_rib\9053.jpg,0
dataset/real\dumplings\820643.jpg,1
dataset/real\deviled_eggs\91913.jpg,1
dataset/real\huevos_rancheros\95894.jpg,1
dataset/real\hot_and_sour_soup\76066.jpg,1
dataset/fake\french_onion_soup\759629.jpg,0
dataset/fake\hot_and_sour_soup\632681.jpg,0
dataset/fake\cheesecake\1286644.jpg,0
dataset/real\huevos_rancheros\95371.jpg,1
dataset/fake\pulled_pork_sandwich\956692.jpg,0
dataset/fake\apple_pie\1941412.jpg,0
dataset/fake\spaghetti_carbonara\677279.jpg,0
dataset/fake\ice_cream\904498.jpg,0
dataset/real\hot_and_sour_soup\613398.jpg,1
dataset/real\crab_cakes\918052.jpg,1
dataset/real\breakfast_burrito\3289639.jpg,1
dataset/real\chicken_quesadilla\1909983.jpg,1
dataset/real\carrot_cake\1425928.jpg,1
dataset/fake\beef_carpaccio\2072790.jpg,0
dataset/fake\bibimbap\3438792.jpg,0
dataset/real\fish_and_chips\2901529.jpg,1
dataset/real\french_onion_soup\720844.jpg,1
dataset/real\baby_back_ribs\2710948.jpg,1
dataset/real\edamame\77492.jpg,1
dataset/fake\poutine\874167.jpg,0
dataset/real\caesar_salad\2761224.jpg,1
dataset/fake\pizza\93961.jpg,0
dataset/fake\falafel\993488.jpg,0
dataset/real\fried_calamari\641747.jpg,1
dataset/fake\gyoza\738353.jpg,0
dataset/real\mussels\72087.jpg,1
dataset/real\nachos\544149.jpg,1
dataset/fake\crab_cakes\934015.jpg,0
dataset/fake\frozen_yogurt\90338.jpg,0
dataset/real\nachos\7194.jpg,1
dataset/real\ice_cream\909342.jpg,1
dataset/real\hummus\874615.jpg,1
dataset/fake\donuts\779639.jpg,0
dataset/real\onion_rings\721735.jpg,1
dataset/fake\ramen\681899.jpg,0
dataset/fake\nachos\99076.jpg,0
dataset/real\tuna_tartare\803807.jpg,1
dataset/real\cup_cakes\67469.jpg,1
dataset/fake\spaghetti_carbonara\687432.jpg,0
dataset/fake\fried_calamari\88528.jpg,0
dataset/fake\hot_and_sour_soup\76066.jpg,0
dataset/fake\foie_gras\69819.jpg,0
dataset/fake\caesar_salad\1865934.jpg,0
dataset/real\mussels\598137.jpg,1
dataset/fake\fish_and_chips\3504296.jpg,0
dataset/real\pork_chop\7509.jpg,1
dataset/fake\caesar_salad\2412854.jpg,0
dataset/real\carrot_cake\1764646.jpg,1
dataset/real\ceviche\2561427.jpg,1
dataset/real\peking_duck\563461.jpg,1
dataset/real\caprese_salad\3648473.jpg,1
dataset/real\takoyaki\83221.jpg,1
dataset/fake\greek_salad\968471.jpg,0
dataset/fake\escargots\77308.jpg,0
dataset/fake\beet_salad\1103191.jpg,0
dataset/fake\grilled_cheese_sandwich\81012.jpg,0
dataset/fake\hot_dog\97149.jpg,0
dataset/real\gyoza\704946.jpg,1
dataset/fake\paella\582929.jpg,0
dataset/fake\gnocchi\762272.jpg,0
dataset/fake\chicken_curry\494229.jpg,0
dataset/real\french_toast\94737.jpg,1
dataset/fake\lobster_roll_sandwich\90203.jpg,0
dataset/real\frozen_yogurt\66390.jpg,1
dataset/real\spaghetti_carbonara\687432.jpg,1
dataset/real\hummus\85281.jpg,1
dataset/fake\carrot_cake\1220035.jpg,0
dataset/fake\beignets\2163099.jpg,0
dataset/real\hamburger\91789.jpg,1
dataset/real\french_toast\94694.jpg,1
dataset/fake\foie_gras\6012.jpg,0
dataset/fake\chocolate_mousse\917854.jpg,0
dataset/real\beignets\2149914.jpg,1
dataset/real\gyoza\688377.jpg,1
dataset/real\filet_mignon\858296.jpg,1
dataset/real\guacamole\874388.jpg,1
dataset/real\cannoli\583049.jpg,1
dataset/real\sushi\93876.jpg,1
dataset/fake\caesar_salad\2949157.jpg,0
dataset/real\edamame\781627.jpg,1
dataset/real\ramen\80967.jpg,1
dataset/fake\pork_chop\99168.jpg,0
dataset/fake\ramen\95056.jpg,0
dataset/fake\paella\588050.jpg,0
dataset/real\lasagna\7781.jpg,1
dataset/real\dumplings\9847.jpg,1
dataset/fake\club_sandwich\837798.jpg,0
dataset/real\pulled_pork_sandwich\947027.jpg,1
dataset/fake\escargots\92318.jpg,0
dataset/fake\ice_cream\876967.jpg,0
dataset/fake\cup_cakes\66445.jpg,0
dataset/real\cheese_plate\3651355.jpg,1
dataset/real\dumplings\84188.jpg,1
dataset/real\red_velvet_cake\588552.jpg,1
dataset/fake\caprese_salad\666910.jpg,0
dataset/fake\falafel\974606.jpg,0
dataset/fake\poutine\852737.jpg,0
dataset/real\poutine\883850.jpg,1
dataset/real\beef_carpaccio\826914.jpg,1
dataset/real\beef_tartare\2884978.jpg,1
dataset/fake\edamame\77492.jpg,0
dataset/real\breakfast_burrito\3855280.jpg,1
dataset/real\grilled_salmon\945443.jpg,1
dataset/fake\cannoli\1713057.jpg,0
dataset/real\sashimi\774590.jpg,1
dataset/real\eggs_benedict\7177.jpg,1
dataset/real\chicken_wings\1515893.jpg,1
dataset/fake\hot_dog\93647.jpg,0
dataset/fake\peking_duck\7972.jpg,0
dataset/fake\oysters\98268.jpg,0
dataset/fake\mussels\70505.jpg,0
dataset/real\escargots\92318.jpg,1
dataset/fake\escargots\89456.jpg,0
dataset/fake\chicken_quesadilla\3229209.jpg,0
dataset/fake\tuna_tartare\864119.jpg,0
dataset/fake\breakfast_burrito\2615853.jpg,0
dataset/fake\creme_brulee\88644.jpg,0
dataset/fake\fried_rice\61692.jpg,0
dataset/fake\caprese_salad\2884291.jpg,0
dataset/real\spring_rolls\703596.jpg,1
dataset/fake\grilled_salmon\944169.jpg,0
dataset/fake\ramen\78023.jpg,0
dataset/fake\shrimp_and_grits\939211.jpg,0
dataset/real\oysters\98268.jpg,1
dataset/fake\tiramisu\505640.jpg,0
dataset/real\falafel\992378.jpg,1
dataset/fake\deviled_eggs\85295.jpg,0
dataset/real\fish_and_chips\559350.jpg,1
dataset/fake\strawberry_shortcake\67030.jpg,0
dataset/real\creme_brulee\924589.jpg,1
dataset/fake\ice_cream\923525.jpg,0
dataset/fake\dumplings\821593.jpg,0
dataset/fake\poutine\921426.jpg,0
dataset/fake\paella\75605.jpg,0
dataset/fake\grilled_salmon\975541.jpg,0
dataset/real\dumplings\85343.jpg,1
dataset/real\paella\588050.jpg,1
dataset/fake\red_velvet_cake\74024.jpg,0
dataset/fake\pho\969401.jpg,0
dataset/real\chicken_curry\70091.jpg,1
dataset/real\frozen_yogurt\66799.jpg,1
dataset/real\chocolate_mousse\893495.jpg,1
dataset/real\tiramisu\516611.jpg,1
dataset/real\chicken_wings\2219543.jpg,1
dataset/real\cannoli\544821.jpg,1
dataset/fake\foie_gras\71471.jpg,0
dataset/real\takoyaki\685493.jpg,1
dataset/fake\hot_and_sour_soup\76845.jpg,0
dataset/fake\ceviche\1926878.jpg,0
dataset/fake\pho\66892.jpg,0
dataset/fake\gnocchi\79483.jpg,0
dataset/fake\pad_thai\756331.jpg,0
dataset/real\risotto\713463.jpg,1
dataset/fake\sashimi\745308.jpg,0
dataset/fake\shrimp_and_grits\911405.jpg,0
dataset/real\grilled_cheese_sandwich\798720.jpg,1
dataset/fake\ramen\94432.jpg,0
dataset/real\grilled_salmon\935302.jpg,1
dataset/real\french_onion_soup\761427.jpg,1
dataset/fake\donuts\87216.jpg,0
dataset/real\beet_salad\1924323.jpg,1
dataset/real\fried_rice\92753.jpg,1
dataset/real\pad_thai\761235.jpg,1
dataset/fake\greek_salad\986206.jpg,0
dataset/fake\breakfast_burrito\553591.jpg,0
dataset/real\grilled_salmon\940815.jpg,1
dataset/fake\cup_cakes\70180.jpg,0
dataset/fake\garlic_bread\827592.jpg,0
dataset/real\pad_thai\73180.jpg,1
dataset/fake\tacos\864338.jpg,0
dataset/real\risotto\704700.jpg,1
dataset/fake\french_onion_soup\76514.jpg,0
dataset/fake\prime_rib\9657.jpg,0
dataset/fake\samosa\793375.jpg,0
dataset/real\filet_mignon\97768.jpg,1
dataset/real\hot_and_sour_soup\61920.jpg,1
dataset/fake\bibimbap\1844046.jpg,0
dataset/fake\crab_cakes\915400.jpg,0
dataset/real\pad_thai\726104.jpg,1
dataset/real\gyoza\77377.jpg,1
dataset/real\nachos\98976.jpg,1
dataset/fake\croque_madame\994893.jpg,0
dataset/real\prime_rib\90989.jpg,1
dataset/fake\ramen\711834.jpg,0
dataset/fake\omelette\8093.jpg,0
dataset/fake\deviled_eggs\604308.jpg,0
dataset/fake\guacamole\860920.jpg,0
dataset/fake\pizza\68684.jpg,0
dataset/real\ramen\78023.jpg,1
dataset/real\beef_tartare\2580153.jpg,1
dataset/real\falafel\949664.jpg,1
dataset/real\mussels\70505.jpg,1
dataset/real\cup_cakes\89713.jpg,1
dataset/real\breakfast_burrito\928767.jpg,1
dataset/real\prime_rib\827873.jpg,1
dataset/real\ravioli\809033.jpg,1
dataset/fake\baklava\442715.jpg,0
dataset/real\filet_mignon\99239.jpg,1
dataset/real\takoyaki\90139.jpg,1
dataset/real\french_toast\794254.jpg,1
dataset/fake\lasagna\806245.jpg,0
dataset/real\pad_thai\716229.jpg,1
dataset/fake\hamburger\91710.jpg,0
dataset/real\sashimi\75250.jpg,1
dataset/fake\beef_carpaccio\3272465.jpg,0
dataset/fake\pulled_pork_sandwich\966993.jpg,0
dataset/real\steak\636594.jpg,1
dataset/fake\macarons\869998.jpg,0
dataset/real\breakfast_burrito\1523896.jpg,1
dataset/fake\lobster_bisque\819478.jpg,0
dataset/fake\caesar_salad\1824467.jpg,0
dataset/real\fried_rice\76256.jpg,1
dataset/real\croque_madame\90663.jpg,1
dataset/real\mussels\91788.jpg,1
dataset/real\grilled_cheese_sandwich\767169.jpg,1
dataset/real\ice_cream\918181.jpg,1
dataset/real\ramen\77655.jpg,1
dataset/fake\apple_pie\362792.jpg,0
dataset/real\churros\904526.jpg,1
dataset/real\frozen_yogurt\62048.jpg,1
dataset/fake\apple_pie\605117.jpg,0
dataset/real\sashimi\76496.jpg,1
dataset/real\filet_mignon\9372.jpg,1
dataset/fake\tuna_tartare\90780.jpg,0
dataset/real\omelette\831537.jpg,1
dataset/real\oysters\890151.jpg,1
dataset/real\paella\73919.jpg,1
dataset/real\beef_carpaccio\3033402.jpg,1
dataset/real\fish_and_chips\964750.jpg,1
dataset/fake\clam_chowder\9768.jpg,0
dataset/real\beet_salad\1309332.jpg,1
dataset/fake\french_toast\821391.jpg,0
dataset/fake\breakfast_burrito\1484908.jpg,0
dataset/real\shrimp_and_grits\933996.jpg,1
dataset/fake\samosa\812692.jpg,0
dataset/real\fried_rice\61401.jpg,1
dataset/fake\lobster_bisque\881198.jpg,0
dataset/fake\ice_cream\939153.jpg,0
dataset/fake\deviled_eggs\83675.jpg,0
dataset/real\falafel\966926.jpg,1
dataset/fake\baby_back_ribs\1726178.jpg,0
dataset/real\garlic_bread\852418.jpg,1
dataset/fake\fried_calamari\89075.jpg,0
dataset/real\breakfast_burrito\17066.jpg,1
dataset/real\grilled_salmon\940556.jpg,1
dataset/fake\shrimp_and_grits\938107.jpg,0
dataset/fake\miso_soup\871622.jpg,0
dataset/real\french_fries\823649.jpg,1
dataset/real\baklava\1117620.jpg,1
dataset/real\lobster_roll_sandwich\87206.jpg,1
dataset/real\ravioli\783093.jpg,1
dataset/fake\beef_tartare\3492636.jpg,0
dataset/fake\oysters\933713.jpg,0
dataset/real\sushi\887831.jpg,1
dataset/fake\baklava\671462.jpg,0
dataset/fake\pulled_pork_sandwich\956304.jpg,0
dataset/fake\churros\878415.jpg,0
dataset/fake\spaghetti_carbonara\665854.jpg,0
dataset/real\crab_cakes\907229.jpg,1
dataset/fake\french_onion_soup\776311.jpg,0
dataset/real\grilled_salmon\905854.jpg,1
dataset/real\escargots\77308.jpg,1
dataset/fake\shrimp_and_grits\970365.jpg,0
dataset/fake\hot_and_sour_soup\74443.jpg,0
dataset/fake\panna_cotta\610769.jpg,0
dataset/fake\foie_gras\574338.jpg,0
dataset/fake\chocolate_mousse\899465.jpg,0
dataset/real\grilled_cheese_sandwich\88658.jpg,1
dataset/fake\bread_pudding\364693.jpg,0
dataset/fake\ravioli\88545.jpg,0
dataset/fake\spring_rolls\86528.jpg,0
dataset/fake\lobster_bisque\844788.jpg,0
dataset/fake\cheesecake\138314.jpg,0
dataset/fake\oysters\890151.jpg,0
dataset/real\hummus\99596.jpg,1
dataset/real\deviled_eggs\660901.jpg,1
dataset/real\chicken_curry\627128.jpg,1
dataset/real\dumplings\90985.jpg,1
dataset/real\spring_rolls\699548.jpg,1
dataset/real\beet_salad\1855829.jpg,1
dataset/fake\fried_rice\73525.jpg,0
dataset/fake\cup_cakes\90772.jpg,0
dataset/real\pancakes\75444.jpg,1
dataset/fake\clam_chowder\902589.jpg,0
dataset/fake\tacos\857190.jpg,0
dataset/real\mussels\82424.jpg,1
dataset/fake\panna_cotta\78936.jpg,0
dataset/real\cheesecake\1092082.jpg,1
dataset/fake\carrot_cake\1921861.jpg,0
dataset/real\deviled_eggs\658551.jpg,1
dataset/real\guacamole\875353.jpg,1
dataset/real\gnocchi\86602.jpg,1
dataset/real\spring_rolls\688731.jpg,1
dataset/real\scallops\702105.jpg,1
dataset/fake\apple_pie\3833386.jpg,0
dataset/fake\bibimbap\3851349.jpg,0
dataset/fake\strawberry_shortcake\80689.jpg,0
dataset/real\fried_rice\64950.jpg,1
dataset/real\pork_chop\84929.jpg,1
dataset/fake\beet_salad\1309332.jpg,0
dataset/real\churros\878415.jpg,1
dataset/fake\french_toast\791313.jpg,0
dataset/fake\escargots\641.jpg,0
dataset/real\edamame\99647.jpg,1
dataset/fake\clam_chowder\933386.jpg,0
dataset/fake\frozen_yogurt\621149.jpg,0
dataset/real\miso_soup\870997.jpg,1
dataset/fake\eggs_benedict\48352.jpg,0
dataset/real\tacos\907061.jpg,1
dataset/fake\huevos_rancheros\95293.jpg,0
dataset/real\takoyaki\686111.jpg,1
dataset/real\caprese_salad\669064.jpg,1
dataset/real\peking_duck\71526.jpg,1
dataset/fake\chicken_quesadilla\3472931.jpg,0
dataset/real\mussels\7625.jpg,1
dataset/fake\chicken_quesadilla\1967996.jpg,0
dataset/fake\tuna_tartare\803807.jpg,0
dataset/fake\risotto\86605.jpg,0
dataset/fake\pho\998863.jpg,0
dataset/real\breakfast_burrito\1388464.jpg,1
dataset/real\macaroni_and_cheese\78092.jpg,1
dataset/fake\tacos\870327.jpg,0
dataset/fake\pork_chop\99739.jpg,0
dataset/real\omelette\92386.jpg,1
dataset/fake\grilled_cheese_sandwich\780481.jpg,0
dataset/real\beignets\1703648.jpg,1
dataset/real\carrot_cake\1495931.jpg,1
dataset/fake\takoyaki\687832.jpg,0
dataset/fake\edamame\95354.jpg,0
dataset/real\risotto\677697.jpg,1
dataset/fake\omelette\838001.jpg,0
dataset/real\prime_rib\95565.jpg,1
dataset/real\hot_and_sour_soup\84322.jpg,1
dataset/fake\spaghetti_bolognese\842161.jpg,0
dataset/real\cheese_plate\2530417.jpg,1
dataset/real\spaghetti_bolognese\862263.jpg,1
dataset/real\clam_chowder\924933.jpg,1
dataset/fake\lobster_roll_sandwich\88947.jpg,0
dataset/fake\caesar_salad\2318780.jpg,0
dataset/real\pad_thai\762358.jpg,1
dataset/fake\mussels\88984.jpg,0
dataset/fake\fried_calamari\645083.jpg,0
dataset/fake\caesar_salad\1158195.jpg,0
dataset/real\spaghetti_bolognese\863987.jpg,1
dataset/real\peking_duck\566911.jpg,1
dataset/fake\cannoli\1819956.jpg,0
dataset/fake\paella\573487.jpg,0
dataset/real\clam_chowder\915036.jpg,1
dataset/fake\tuna_tartare\99979.jpg,0
dataset/real\deviled_eggs\75303.jpg,1
dataset/fake\gyoza\694774.jpg,0
dataset/real\carrot_cake\2974893.jpg,1
dataset/fake\churros\95735.jpg,0
dataset/real\baklava\787981.jpg,1
dataset/real\panna_cotta\96487.jpg,1
dataset/fake\macaroni_and_cheese\65403.jpg,0
dataset/fake\miso_soup\870997.jpg,0
dataset/fake\chicken_quesadilla\2604782.jpg,0
dataset/fake\apple_pie\3728481.jpg,0
dataset/real\caprese_salad\44054.jpg,1
dataset/real\seaweed_salad\71934.jpg,1
dataset/fake\foie_gras\562854.jpg,0
dataset/real\croque_madame\994893.jpg,1
dataset/fake\takoyaki\83221.jpg,0
dataset/fake\greek_salad\982455.jpg,0
dataset/fake\donuts\750482.jpg,0
dataset/real\spaghetti_carbonara\8850.jpg,1
dataset/real\escargots\522965.jpg,1
dataset/real\caesar_salad\2354912.jpg,1
dataset/real\bruschetta\2804634.jpg,1
dataset/real\bibimbap\3570513.jpg,1
dataset/real\steak\87246.jpg,1
dataset/fake\french_onion_soup\85451.jpg,0
dataset/real\guacamole\905087.jpg,1
dataset/fake\garlic_bread\840472.jpg,0
dataset/fake\crab_cakes\918052.jpg,0
dataset/fake\grilled_cheese_sandwich\798720.jpg,0
dataset/fake\peking_duck\7934.jpg,0
dataset/real\sashimi\75049.jpg,1
dataset/fake\poutine\942557.jpg,0
dataset/real\tacos\912020.jpg,1
dataset/fake\crab_cakes\907229.jpg,0
dataset/fake\beef_carpaccio\3658839.jpg,0
dataset/fake\garlic_bread\789180.jpg,0
dataset/fake\beignets\3917742.jpg,0
dataset/real\pizza\89197.jpg,1
dataset/fake\spaghetti_carbonara\80789.jpg,0
dataset/real\donuts\98500.jpg,1
dataset/real\club_sandwich\886101.jpg,1
dataset/fake\caprese_salad\2089982.jpg,0
dataset/real\apple_pie\910097.jpg,1
dataset/fake\grilled_cheese_sandwich\89862.jpg,0
dataset/real\caprese_salad\3205165.jpg,1
dataset/real\cannoli\1594501.jpg,1
dataset/fake\chocolate_mousse\861730.jpg,0
dataset/fake\spaghetti_carbonara\679272.jpg,0
dataset/fake\carrot_cake\1046933.jpg,0
dataset/real\hummus\889521.jpg,1
dataset/real\foie_gras\576688.jpg,1
dataset/fake\seaweed_salad\78084.jpg,0
dataset/fake\beef_tartare\1381542.jpg,0
dataset/fake\samosa\848468.jpg,0
dataset/real\risotto\708502.jpg,1
dataset/real\beet_salad\2705890.jpg,1
dataset/real\oysters\92031.jpg,1
dataset/real\spaghetti_bolognese\794313.jpg,1
dataset/real\prime_rib\817485.jpg,1
dataset/real\carrot_cake\3844718.jpg,1
dataset/fake\steak\6709.jpg,0
dataset/fake\miso_soup\83021.jpg,0
dataset/real\hummus\90847.jpg,1
dataset/real\gnocchi\79585.jpg,1
dataset/fake\fried_rice\86512.jpg,0
dataset/real\strawberry_shortcake\68861.jpg,1
dataset/real\panna_cotta\615475.jpg,1
dataset/real\falafel\985813.jpg,1
dataset/fake\huevos_rancheros\939545.jpg,0
dataset/real\beignets\976341.jpg,1
dataset/fake\grilled_salmon\922858.jpg,0
dataset/real\grilled_salmon\97342.jpg,1
dataset/real\chocolate_cake\2729917.jpg,1
dataset/fake\pancakes\7498.jpg,0
dataset/real\escargots\498949.jpg,1
dataset/fake\gnocchi\8963.jpg,0
dataset/real\eggs_benedict\997829.jpg,1
dataset/real\escargots\81395.jpg,1
dataset/real\ravioli\776827.jpg,1
dataset/real\peking_duck\79718.jpg,1
dataset/real\miso_soup\868388.jpg,1
dataset/real\edamame\749063.jpg,1
dataset/real\clam_chowder\930416.jpg,1
dataset/fake\macaroni_and_cheese\693521.jpg,0
dataset/real\red_velvet_cake\59791.jpg,1
dataset/real\ceviche\1926878.jpg,1
dataset/fake\lobster_roll_sandwich\846574.jpg,0
dataset/fake\cheesecake\629317.jpg,0
dataset/real\clam_chowder\906280.jpg,1
dataset/real\cheese_plate\504113.jpg,1
dataset/fake\lobster_roll_sandwich\87470.jpg,0
dataset/real\ramen\9497.jpg,1
dataset/fake\waffles\74327.jpg,0
dataset/real\garlic_bread\790248.jpg,1
dataset/real\dumplings\95761.jpg,1
dataset/real\baby_back_ribs\1862790.jpg,1
dataset/real\shrimp_and_grits\939523.jpg,1
dataset/real\grilled_salmon\934661.jpg,1
dataset/real\hummus\868622.jpg,1
dataset/fake\beef_carpaccio\2885421.jpg,0
dataset/fake\hamburger\75550.jpg,0
dataset/fake\apple_pie\3699587.jpg,0
dataset/real\hummus\865227.jpg,1
dataset/real\sushi\888777.jpg,1
dataset/fake\guacamole\871818.jpg,0
dataset/fake\caprese_salad\3031139.jpg,0
dataset/real\spring_rolls\96524.jpg,1
dataset/real\greek_salad\89149.jpg,1
dataset/real\ravioli\817531.jpg,1
dataset/fake\beet_salad\1924323.jpg,0
dataset/fake\huevos_rancheros\944587.jpg,0
dataset/real\bread_pudding\2122791.jpg,1
dataset/real\club_sandwich\865174.jpg,1
dataset/fake\creme_brulee\919410.jpg,0
dataset/fake\carrot_cake\2470640.jpg,0
dataset/real\miso_soup\846723.jpg,1
dataset/fake\chicken_curry\115224.jpg,0
dataset/real\grilled_salmon\905729.jpg,1
dataset/real\lobster_roll_sandwich\88947.jpg,1
dataset/fake\nachos\99074.jpg,0
dataset/real\guacamole\854635.jpg,1
dataset/real\fried_calamari\627814.jpg,1
dataset/fake\sashimi\774590.jpg,0
dataset/fake\pulled_pork_sandwich\71210.jpg,0
dataset/fake\scallops\689732.jpg,0
dataset/real\cup_cakes\9256.jpg,1
dataset/real\cheesecake\138314.jpg,1
dataset/real\samosa\796729.jpg,1
dataset/real\cannoli\3691447.jpg,1
dataset/real\poutine\889929.jpg,1
dataset/real\cheesecake\2346728.jpg,1
dataset/real\beef_tartare\1697360.jpg,1
dataset/real\scallops\67010.jpg,1
dataset/fake\prime_rib\92331.jpg,0
dataset/real\creme_brulee\9557.jpg,1
dataset/real\paella\75605.jpg,1
dataset/real\chocolate_mousse\90898.jpg,1
dataset/fake\chocolate_cake\2729917.jpg,0
dataset/fake\dumplings\92182.jpg,0
dataset/fake\escargots\96806.jpg,0
dataset/fake\cannoli\1594501.jpg,0
dataset/fake\lasagna\826119.jpg,0
dataset/real\guacamole\85398.jpg,1
dataset/real\baby_back_ribs\41235.jpg,1
dataset/real\foie_gras\9160.jpg,1
dataset/fake\hamburger\90115.jpg,0
dataset/fake\chocolate_mousse\911574.jpg,0
dataset/real\onion_rings\98200.jpg,1
dataset/real\chicken_wings\1607017.jpg,1
dataset/real\pho\5967.jpg,1
dataset/real\chocolate_mousse\917854.jpg,1
dataset/fake\french_toast\818831.jpg,0
dataset/real\foie_gras\6012.jpg,1
dataset/fake\frozen_yogurt\624563.jpg,0
dataset/real\baklava\1482317.jpg,1
dataset/real\frozen_yogurt\621149.jpg,1
dataset/fake\spaghetti_carbonara\732216.jpg,0
dataset/fake\lobster_roll_sandwich\96654.jpg,0
dataset/real\bibimbap\2112351.jpg,1
dataset/real\spaghetti_carbonara\697391.jpg,1
dataset/real\fish_and_chips\2849652.jpg,1
dataset/real\french_fries\85375.jpg,1
dataset/real\pulled_pork_sandwich\956818.jpg,1
dataset/real\ravioli\808648.jpg,1
dataset/fake\risotto\677697.jpg,0
dataset/fake\carrot_cake\148324.jpg,0
dataset/real\gnocchi\89365.jpg,1
dataset/real\samosa\778752.jpg,1
dataset/real\baby_back_ribs\3046891.jpg,1
dataset/real\chicken_quesadilla\2097985.jpg,1
dataset/real\chicken_wings\3028718.jpg,1
dataset/real\hamburger\79711.jpg,1
dataset/fake\filet_mignon\87815.jpg,0
dataset/fake\fish_and_chips\2805153.jpg,0
dataset/fake\churros\863367.jpg,0
dataset/real\chocolate_cake\293607.jpg,1
dataset/real\huevos_rancheros\897916.jpg,1
dataset/real\pulled_pork_sandwich\949739.jpg,1
dataset/real\ramen\674178.jpg,1
dataset/fake\beef_carpaccio\2298516.jpg,0
dataset/fake\deviled_eggs\75303.jpg,0
dataset/fake\hamburger\79711.jpg,0
dataset/fake\nachos\7194.jpg,0
dataset/fake\prime_rib\90923.jpg,0
dataset/fake\sashimi\79501.jpg,0
dataset/fake\panna_cotta\96487.jpg,0
dataset/real\nachos\545659.jpg,1
dataset/fake\club_sandwich\844764.jpg,0
dataset/real\macaroni_and_cheese\696778.jpg,1
dataset/real\garlic_bread\827275.jpg,1
dataset/real\bibimbap\1747113.jpg,1
dataset/fake\gyoza\726010.jpg,0
dataset/real\chicken_curry\2600288.jpg,1
dataset/fake\pizza\8917.jpg,0
dataset/real\bread_pudding\3454020.jpg,1
dataset/fake\samosa\778917.jpg,0
dataset/fake\strawberry_shortcake\967453.jpg,0
dataset/fake\creme_brulee\929189.jpg,0
dataset/real\caprese_salad\1379176.jpg,1
dataset/fake\sushi\99997.jpg,0
dataset/fake\grilled_salmon\902917.jpg,0
dataset/real\baby_back_ribs\605068.jpg,1
dataset/fake\grilled_cheese_sandwich\785954.jpg,0
dataset/real\chicken_curry\115224.jpg,1
dataset/real\garlic_bread\827592.jpg,1
dataset/fake\hummus\86219.jpg,0
dataset/real\cup_cakes\80500.jpg,1
dataset/real\lobster_bisque\819478.jpg,1
dataset/fake\clam_chowder\906645.jpg,0
dataset/real\crab_cakes\942233.jpg,1
dataset/real\pizza\89892.jpg,1
dataset/fake\ravioli\817531.jpg,0
dataset/fake\clam_chowder\878144.jpg,0
dataset/real\onion_rings\75146.jpg,1
dataset/fake\guacamole\874388.jpg,0
dataset/real\garlic_bread\801612.jpg,1
dataset/real\grilled_salmon\944169.jpg,1
dataset/real\eggs_benedict\996408.jpg,1
dataset/real\hot_dog\93944.jpg,1
dataset/real\cup_cakes\66445.jpg,1
dataset/fake\ravioli\808648.jpg,0
dataset/real\seaweed_salad\986736.jpg,1
dataset/real\oysters\98161.jpg,1
dataset/real\spaghetti_carbonara\700566.jpg,1
dataset/fake\miso_soup\890555.jpg,0
dataset/real\macarons\828950.jpg,1
dataset/fake\bibimbap\542187.jpg,0
dataset/real\chicken_curry\392185.jpg,1
dataset/fake\ice_cream\909342.jpg,0
dataset/real\garlic_bread\822147.jpg,1
dataset/fake\beet_salad\1767209.jpg,0
dataset/real\huevos_rancheros\93302.jpg,1
dataset/fake\cheese_plate\1043942.jpg,0
dataset/fake\garlic_bread\799801.jpg,0
dataset/fake\cheese_plate\3250385.jpg,0
dataset/real\greek_salad\994568.jpg,1
dataset/fake\bruschetta\856391.jpg,0
dataset/real\dumplings\9309.jpg,1
dataset/fake\lobster_bisque\830001.jpg,0
dataset/real\grilled_salmon\943067.jpg,1
dataset/real\fried_calamari\645083.jpg,1
dataset/fake\pad_thai\727089.jpg,0
dataset/fake\risotto\716450.jpg,0
dataset/fake\pad_thai\728274.jpg,0
dataset/fake\grilled_cheese_sandwich\96904.jpg,0
dataset/fake\apple_pie\2536578.jpg,0
dataset/real\hot_and_sour_soup\605161.jpg,1
dataset/real\hamburger\76817.jpg,1
dataset/real\seaweed_salad\607168.jpg,1
dataset/fake\hot_dog\916396.jpg,0
dataset/fake\churros\938480.jpg,0
dataset/fake\guacamole\862550.jpg,0
dataset/real\nachos\74023.jpg,1
dataset/real\ceviche\2060023.jpg,1
dataset/fake\bruschetta\719733.jpg,0
dataset/real\paella\583177.jpg,1
dataset/real\pizza\61656.jpg,1
dataset/fake\breakfast_burrito\514317.jpg,0
dataset/fake\pizza\61656.jpg,0
dataset/real\beet_salad\1887196.jpg,1
dataset/real\grilled_salmon\975541.jpg,1
dataset/fake\chocolate_mousse\874420.jpg,0
dataset/fake\croque_madame\998828.jpg,0
dataset/fake\pancakes\75441.jpg,0
dataset/fake\beef_carpaccio\3033402.jpg,0
dataset/real\pizza\5764.jpg,1
dataset/real\breakfast_burrito\1246341.jpg,1
dataset/fake\macarons\879904.jpg,0
dataset/fake\ceviche\152909.jpg,0
dataset/real\prime_rib\99136.jpg,1
dataset/real\creme_brulee\916232.jpg,1
dataset/real\panna_cotta\97960.jpg,1
dataset/fake\fish_and_chips\2446289.jpg,0
dataset/real\filet_mignon\886682.jpg,1
dataset/fake\bibimbap\2039717.jpg,0
dataset/real\scallops\702120.jpg,1
dataset/fake\tiramisu\488636.jpg,0
dataset/fake\gyoza\688377.jpg,0
dataset/real\apple_pie\1443243.jpg,1
dataset/real\creme_brulee\919228.jpg,1
dataset/fake\red_velvet_cake\77292.jpg,0
dataset/fake\mussels\7625.jpg,0
dataset/real\ravioli\76253.jpg,1
dataset/fake\miso_soup\837361.jpg,0
dataset/fake\risotto\696973.jpg,0
dataset/fake\grilled_cheese_sandwich\791080.jpg,0
dataset/real\french_toast\81839.jpg,1
dataset/fake\edamame\749430.jpg,0
dataset/real\ice_cream\921978.jpg,1
dataset/fake\chicken_quesadilla\1998851.jpg,0
dataset/real\peking_duck\69195.jpg,1
dataset/real\lasagna\733321.jpg,1
dataset/real\pho\58455.jpg,1
dataset/fake\cheesecake\2241264.jpg,0
dataset/real\shrimp_and_grits\939211.jpg,1
dataset/fake\pulled_pork_sandwich\936404.jpg,0
dataset/real\scallops\691199.jpg,1
dataset/fake\beignets\813148.jpg,0
dataset/fake\gyoza\722267.jpg,0
dataset/fake\chicken_curry\3600369.jpg,0
dataset/fake\bruschetta\1689549.jpg,0
dataset/real\spaghetti_bolognese\791337.jpg,1
dataset/real\grilled_cheese_sandwich\796733.jpg,1
dataset/fake\bibimbap\1738483.jpg,0
dataset/fake\creme_brulee\893341.jpg,0
dataset/real\ice_cream\880755.jpg,1
dataset/real\apple_pie\362792.jpg,1
dataset/real\hot_dog\98515.jpg,1
dataset/fake\hot_dog\99314.jpg,0
dataset/real\ravioli\788795.jpg,1
dataset/fake\pancakes\91756.jpg,0
dataset/real\shrimp_and_grits\92468.jpg,1
dataset/fake\scallops\702105.jpg,0
dataset/fake\chocolate_cake\261466.jpg,0
dataset/fake\onion_rings\738107.jpg,0
dataset/fake\pad_thai\766885.jpg,0
dataset/fake\cup_cakes\84496.jpg,0
dataset/real\garlic_bread\840472.jpg,1
dataset/fake\seaweed_salad\990521.jpg,0
dataset/real\peking_duck\82053.jpg,1
dataset/fake\falafel\929328.jpg,0
dataset/fake\sushi\918194.jpg,0
dataset/fake\hot_dog\923240.jpg,0
dataset/real\cannoli\1300596.jpg,1
dataset/fake\french_toast\780781.jpg,0
dataset/real\bread_pudding\2128694.jpg,1
dataset/fake\grilled_salmon\940201.jpg,0
dataset/real\pho\969401.jpg,1
dataset/real\beef_tartare\1381542.jpg,1
dataset/fake\paella\96951.jpg,0
dataset/fake\crab_cakes\950556.jpg,0
dataset/real\red_velvet_cake\641900.jpg,1
dataset/real\fried_rice\515907.jpg,1
dataset/real\sushi\913716.jpg,1
dataset/fake\takoyaki\698527.jpg,0
dataset/fake\beef_tartare\2580153.jpg,0
dataset/fake\strawberry_shortcake\998982.jpg,0
dataset/real\escargots\97976.jpg,1
dataset/real\donuts\98562.jpg,1
dataset/fake\dumplings\95761.jpg,0
dataset/real\chicken_quesadilla\2367519.jpg,1
dataset/fake\oysters\89248.jpg,0
dataset/real\cheese_plate\535988.jpg,1
dataset/real\frozen_yogurt\64228.jpg,1
dataset/real\french_toast\791313.jpg,1
dataset/fake\paella\61029.jpg,0
dataset/fake\scallops\66095.jpg,0
dataset/real\tuna_tartare\817853.jpg,1
dataset/real\cheesecake\2334103.jpg,1
dataset/real\oysters\899213.jpg,1
dataset/fake\beignets\976341.jpg,0
dataset/real\chicken_wings\1162022.jpg,1
dataset/real\takoyaki\670312.jpg,1
dataset/real\tiramisu\487955.jpg,1
dataset/real\hummus\861994.jpg,1
dataset/fake\tiramisu\64942.jpg,0
dataset/fake\nachos\98976.jpg,0
dataset/real\waffles\761505.jpg,1
dataset/real\french_onion_soup\774980.jpg,1
dataset/fake\guacamole\901278.jpg,0
dataset/fake\pulled_pork_sandwich\947319.jpg,0
dataset/fake\fish_and_chips\2901529.jpg,0
dataset/fake\tiramisu\441252.jpg,0
dataset/real\creme_brulee\890324.jpg,1
dataset/real\peking_duck\7972.jpg,1
dataset/fake\fried_rice\69248.jpg,0
dataset/fake\croque_madame\5609.jpg,0
dataset/real\bruschetta\76583.jpg,1
dataset/real\fried_calamari\97849.jpg,1
dataset/fake\sushi\887831.jpg,0
dataset/fake\spaghetti_carbonara\682457.jpg,0
dataset/real\donuts\750482.jpg,1
dataset/fake\prime_rib\81543.jpg,0
dataset/fake\filet_mignon\874322.jpg,0
dataset/fake\hummus\897908.jpg,0
dataset/fake\french_fries\839871.jpg,0
dataset/fake\pancakes\92527.jpg,0
dataset/real\pancakes\89431.jpg,1
dataset/real\guacamole\907725.jpg,1
dataset/real\french_onion_soup\716417.jpg,1
dataset/fake\chicken_quesadilla\2085130.jpg,0
dataset/fake\scallops\682242.jpg,0
dataset/fake\strawberry_shortcake\960565.jpg,0
dataset/fake\greek_salad\994568.jpg,0
dataset/real\garlic_bread\777864.jpg,1
dataset/real\omelette\97045.jpg,1
dataset/fake\beef_tartare\2483482.jpg,0
dataset/fake\mussels\82424.jpg,0
dataset/fake\chicken_wings\1941057.jpg,0
dataset/real\ceviche\715178.jpg,1
dataset/real\beet_salad\2925618.jpg,1
dataset/real\macarons\850285.jpg,1
dataset/real\paella\573487.jpg,1
dataset/real\grilled_salmon\922042.jpg,1
dataset/fake\cheesecake\1093939.jpg,0
dataset/fake\grilled_cheese_sandwich\88658.jpg,0
dataset/fake\tacos\924512.jpg,0
dataset/fake\caesar_salad\2568397.jpg,0
dataset/fake\croque_madame\91563.jpg,0
dataset/real\croque_madame\5609.jpg,1
dataset/real\guacamole\86812.jpg,1
dataset/real\onion_rings\80540.jpg,1
dataset/real\takoyaki\694770.jpg,1
dataset/real\ice_cream\89027.jpg,1
dataset/real\crab_cakes\919643.jpg,1
dataset/real\samosa\842184.jpg,1
dataset/real\creme_brulee\917004.jpg,1
dataset/fake\hamburger\82314.jpg,0
dataset/real\steak\640539.jpg,1
dataset/fake\clam_chowder\903815.jpg,0
dataset/real\lasagna\794302.jpg,1
dataset/real\greek_salad\94603.jpg,1
dataset/real\chicken_curry\2610952.jpg,1
dataset/fake\french_fries\80315.jpg,0
dataset/fake\gnocchi\89250.jpg,0
dataset/real\pancakes\76943.jpg,1
dataset/fake\cannoli\661006.jpg,0
dataset/fake\shrimp_and_grits\975393.jpg,0
dataset/fake\sushi\93876.jpg,0
dataset/fake\seaweed_salad\89430.jpg,0
dataset/fake\club_sandwich\93570.jpg,0
dataset/real\french_fries\80315.jpg,1
dataset/real\macaroni_and_cheese\95322.jpg,1
dataset/fake\ceviche\3046608.jpg,0
dataset/real\chocolate_mousse\911574.jpg,1
dataset/fake\ceviche\444870.jpg,0
dataset/real\beignets\2017066.jpg,1
dataset/real\ramen\67640.jpg,1
dataset/fake\seaweed_salad\80533.jpg,0
dataset/real\greek_salad\71979.jpg,1
dataset/real\baby_back_ribs\1384024.jpg,1
dataset/real\peking_duck\62351.jpg,1
dataset/real\hot_and_sour_soup\636307.jpg,1
dataset/fake\baklava\189311.jpg,0
dataset/real\cannoli\1506538.jpg,1
dataset/real\frozen_yogurt\614990.jpg,1
dataset/fake\sashimi\793068.jpg,0
dataset/fake\red_velvet_cake\66489.jpg,0
dataset/fake\french_onion_soup\716417.jpg,0
dataset/fake\churros\910727.jpg,0
dataset/fake\caesar_salad\3823988.jpg,0
dataset/real\beef_carpaccio\217698.jpg,1
dataset/fake\sashimi\76834.jpg,0
dataset/fake\gnocchi\8880.jpg,0
dataset/real\pad_thai\743051.jpg,1
dataset/fake\beef_carpaccio\1222478.jpg,0
dataset/fake\macaroni_and_cheese\92688.jpg,0
dataset/real\creme_brulee\940522.jpg,1
dataset/fake\spring_rolls\81332.jpg,0
dataset/fake\baby_back_ribs\540444.jpg,0
dataset/fake\cannoli\3434673.jpg,0
dataset/real\takoyaki\698527.jpg,1
dataset/fake\prime_rib\9821.jpg,0
dataset/fake\cannoli\627655.jpg,0
dataset/real\cheesecake\2005548.jpg,1
dataset/fake\mussels\88986.jpg,0
dataset/fake\strawberry_shortcake\58388.jpg,0
dataset/fake\gyoza\731650.jpg,0
dataset/fake\cheese_plate\2736897.jpg,0
dataset/fake\gnocchi\784964.jpg,0
dataset/fake\huevos_rancheros\95894.jpg,0
dataset/fake\guacamole\99890.jpg,0
dataset/fake\onion_rings\74527.jpg,0
dataset/fake\churros\934533.jpg,0
dataset/real\beignets\3019468.jpg,1
dataset/real\churros\95735.jpg,1
dataset/fake\french_fries\80190.jpg,0
dataset/fake\seaweed_salad\85369.jpg,0
dataset/real\french_onion_soup\727080.jpg,1
dataset/fake\tiramisu\443212.jpg,0
dataset/real\baklava\2322552.jpg,1
dataset/fake\pancakes\692436.jpg,0
dataset/real\spaghetti_carbonara\697317.jpg,1
dataset/fake\filet_mignon\887040.jpg,0
dataset/fake\tuna_tartare\91163.jpg,0
dataset/fake\chicken_quesadilla\847485.jpg,0
dataset/real\pulled_pork_sandwich\947319.jpg,1
dataset/real\lasagna\826119.jpg,1
dataset/real\croque_madame\975690.jpg,1
dataset/fake\nachos\99088.jpg,0
dataset/real\tacos\864338.jpg,1
dataset/fake\tiramisu\63187.jpg,0
dataset/real\croque_madame\95292.jpg,1
dataset/real\grilled_cheese_sandwich\96260.jpg,1
dataset/real\hamburger\78997.jpg,1
dataset/real\peking_duck\561591.jpg,1
dataset/fake\hot_dog\910098.jpg,0
dataset/real\guacamole\907453.jpg,1
dataset/real\edamame\84995.jpg,1
dataset/fake\beef_tartare\3234325.jpg,0
dataset/fake\samosa\848555.jpg,0
dataset/real\breakfast_burrito\2257546.jpg,1
dataset/fake\french_onion_soup\727080.jpg,0
dataset/fake\greek_salad\72749.jpg,0
dataset/real\hot_and_sour_soup\87848.jpg,1
dataset/fake\nachos\68433.jpg,0
dataset/fake\baklava\2315695.jpg,0
dataset/fake\foie_gras\71445.jpg,0
dataset/fake\cheesecake\357959.jpg,0
dataset/fake\hot_dog\93944.jpg,0
dataset/fake\samosa\782208.jpg,0
dataset/real\ice_cream\96935.jpg,1
dataset/fake\paella\575389.jpg,0
dataset/real\poutine\942557.jpg,1
dataset/real\foie_gras\79314.jpg,1
dataset/real\clam_chowder\907742.jpg,1
dataset/real\bibimbap\2626221.jpg,1
dataset/fake\escargots\7043.jpg,0
dataset/real\paella\562232.jpg,1
dataset/real\chicken_quesadilla\212315.jpg,1
dataset/fake\baby_back_ribs\3046891.jpg,0
dataset/real\edamame\756500.jpg,1
dataset/fake\risotto\695270.jpg,0
dataset/fake\risotto\704700.jpg,0
dataset/real\chicken_quesadilla\3229209.jpg,1
dataset/fake\grilled_salmon\940556.jpg,0
dataset/real\lobster_bisque\837637.jpg,1
dataset/real\eggs_benedict\8349.jpg,1
dataset/real\ice_cream\939153.jpg,1
dataset/fake\club_sandwich\882297.jpg,0
dataset/fake\bruschetta\1678573.jpg,0
dataset/real\pork_chop\85404.jpg,1
dataset/real\pad_thai\753725.jpg,1
dataset/fake\chicken_quesadilla\2367519.jpg,0
dataset/real\club_sandwich\97180.jpg,1
dataset/real\paella\593982.jpg,1
dataset/fake\seaweed_salad\620574.jpg,0
dataset/real\lasagna\758258.jpg,1
dataset/fake\carrot_cake\804393.jpg,0
dataset/real\frozen_yogurt\83910.jpg,1
dataset/fake\breakfast_burrito\526532.jpg,0
dataset/real\spaghetti_carbonara\665854.jpg,1
dataset/fake\beet_salad\3848398.jpg,0
dataset/fake\escargots\498949.jpg,0
dataset/fake\seaweed_salad\91368.jpg,0
dataset/fake\caesar_salad\313053.jpg,0
dataset/fake\onion_rings\722278.jpg,0
dataset/fake\churros\884571.jpg,0
dataset/real\omelette\7577.jpg,1
dataset/real\hamburger\81707.jpg,1
dataset/real\risotto\94799.jpg,1
dataset/real\clam_chowder\99271.jpg,1
dataset/fake\hot_dog\98515.jpg,0
dataset/fake\bibimbap\2112351.jpg,0
dataset/real\frozen_yogurt\84365.jpg,1
dataset/real\macarons\845188.jpg,1
dataset/real\oysters\99832.jpg,1
dataset/fake\sashimi\75049.jpg,0
dataset/fake\croque_madame\98458.jpg,0
dataset/real\oysters\877118.jpg,1
dataset/fake\hot_dog\91857.jpg,0
dataset/fake\strawberry_shortcake\967623.jpg,0
dataset/fake\macaroni_and_cheese\658206.jpg,0
dataset/fake\pad_thai\726104.jpg,0
dataset/real\frozen_yogurt\75053.jpg,1
dataset/fake\tacos\847402.jpg,0
dataset/fake\oysters\96451.jpg,0
dataset/real\red_velvet_cake\77292.jpg,1
dataset/fake\dumplings\820643.jpg,0
dataset/real\edamame\749430.jpg,1
dataset/fake\samosa\812951.jpg,0
dataset/fake\lobster_bisque\88083.jpg,0
dataset/fake\spaghetti_carbonara\697317.jpg,0
dataset/real\bread_pudding\3699273.jpg,1
dataset/fake\lasagna\755522.jpg,0
dataset/real\mussels\88673.jpg,1
dataset/fake\pho\988049.jpg,0
dataset/fake\bread_pudding\2128694.jpg,0
dataset/fake\ramen\69211.jpg,0
dataset/fake\chicken_curry\392185.jpg,0
dataset/real\fried_rice\72138.jpg,1
dataset/fake\french_toast\790939.jpg,0
dataset/fake\creme_brulee\911836.jpg,0
dataset/fake\chicken_wings\67011.jpg,0
dataset/real\french_toast\780781.jpg,1
dataset/real\fish_and_chips\26665.jpg,1
dataset/real\spring_rolls\82274.jpg,1
dataset/fake\lobster_roll_sandwich\91688.jpg,0
dataset/fake\prime_rib\95565.jpg,0
dataset/real\breakfast_burrito\2297748.jpg,1
dataset/real\sushi\914741.jpg,1
dataset/fake\tacos\91964.jpg,0
dataset/real\escargots\7043.jpg,1
dataset/fake\cannoli\1300596.jpg,0
dataset/fake\grilled_salmon\905077.jpg,0
dataset/real\guacamole\902627.jpg,1
dataset/fake\beef_tartare\2853815.jpg,0
dataset/fake\fried_calamari\649177.jpg,0
dataset/real\club_sandwich\864823.jpg,1
dataset/fake\bibimbap\1416282.jpg,0
dataset/fake\oysters\885112.jpg,0
dataset/real\fried_calamari\645411.jpg,1
dataset/real\miso_soup\831011.jpg,1
dataset/real\spaghetti_bolognese\864135.jpg,1
dataset/real\beet_salad\1395142.jpg,1
dataset/real\lobster_bisque\844788.jpg,1
dataset/real\macarons\846139.jpg,1
dataset/fake\edamame\76447.jpg,0
dataset/fake\hummus\889521.jpg,0
dataset/real\lobster_roll_sandwich\843536.jpg,1
dataset/fake\chicken_quesadilla\2897666.jpg,0
dataset/fake\bread_pudding\2575335.jpg,0
dataset/fake\gyoza\705301.jpg,0
dataset/real\cheesecake\2011657.jpg,1
dataset/fake\panna_cotta\604637.jpg,0
dataset/real\beef_tartare\2853815.jpg,1
dataset/real\huevos_rancheros\933347.jpg,1
dataset/real\greek_salad\986206.jpg,1
dataset/fake\falafel\7396.jpg,0
dataset/real\shrimp_and_grits\923212.jpg,1
dataset/fake\gnocchi\759897.jpg,0
dataset/real\huevos_rancheros\923385.jpg,1
dataset/real\waffles\750964.jpg,1
dataset/fake\foie_gras\79314.jpg,0
dataset/fake\spaghetti_bolognese\825402.jpg,0
dataset/real\french_onion_soup\77894.jpg,1
dataset/fake\baby_back_ribs\634146.jpg,0
dataset/fake\caprese_salad\669064.jpg,0
dataset/real\breakfast_burrito\1484908.jpg,1
dataset/real\sushi\94385.jpg,1
dataset/real\tuna_tartare\872104.jpg,1
dataset/fake\crab_cakes\943630.jpg,0
dataset/real\poutine\869931.jpg,1
dataset/fake\greek_salad\967352.jpg,0
dataset/fake\ice_cream\901660.jpg,0
dataset/fake\greek_salad\72487.jpg,0
dataset/fake\strawberry_shortcake\71742.jpg,0
dataset/real\tuna_tartare\841002.jpg,1
dataset/real\beef_tartare\1361653.jpg,1
dataset/real\spring_rolls\92235.jpg,1
dataset/fake\beef_tartare\101073.jpg,0
dataset/fake\beignets\1416495.jpg,0
dataset/real\clam_chowder\878144.jpg,1
dataset/fake\cheesecake\1122445.jpg,0
dataset/fake\ramen\88430.jpg,0
dataset/fake\french_onion_soup\723360.jpg,0
dataset/real\croque_madame\82322.jpg,1
dataset/fake\ravioli\74206.jpg,0
dataset/fake\bibimbap\2425339.jpg,0
dataset/fake\creme_brulee\930285.jpg,0
dataset/real\hot_dog\99314.jpg,1
dataset/fake\garlic_bread\792397.jpg,0
dataset/real\filet_mignon\874322.jpg,1
dataset/fake\scallops\658584.jpg,0
dataset/real\waffles\762877.jpg,1
dataset/real\steak\91432.jpg,1
dataset/real\crab_cakes\932886.jpg,1
dataset/real\risotto\713431.jpg,1
dataset/real\beef_tartare\101073.jpg,1
dataset/real\eggs_benedict\983260.jpg,1
dataset/fake\eggs_benedict\994800.jpg,0
dataset/real\strawberry_shortcake\958288.jpg,1
dataset/fake\beef_carpaccio\2250170.jpg,0
dataset/fake\panna_cotta\615475.jpg,0
dataset/real\gnocchi\88676.jpg,1
dataset/real\gnocchi\85359.jpg,1
dataset/fake\risotto\94799.jpg,0
dataset/fake\chicken_wings\2157246.jpg,0
dataset/real\baklava\1432026.jpg,1
dataset/real\chocolate_cake\3793884.jpg,1
dataset/real\chicken_quesadilla\284069.jpg,1
dataset/fake\lobster_roll_sandwich\839549.jpg,0
dataset/fake\prime_rib\844644.jpg,0
dataset/real\french_fries\820107.jpg,1
dataset/fake\spaghetti_bolognese\783059.jpg,0
dataset/real\lasagna\806706.jpg,1
dataset/fake\croque_madame\90663.jpg,0
dataset/fake\macaroni_and_cheese\84484.jpg,0
dataset/fake\onion_rings\83644.jpg,0
dataset/fake\breakfast_burrito\361705.jpg,0
dataset/real\gyoza\738353.jpg,1
dataset/fake\garlic_bread\77925.jpg,0
dataset/real\seaweed_salad\86499.jpg,1
dataset/real\panna_cotta\69922.jpg,1
dataset/fake\macarons\834813.jpg,0
dataset/real\foie_gras\70665.jpg,1
dataset/fake\tacos\87767.jpg,0
dataset/fake\creme_brulee\918961.jpg,0
dataset/fake\spring_rolls\702057.jpg,0
dataset/fake\gnocchi\756033.jpg,0
dataset/fake\grilled_salmon\943067.jpg,0
dataset/real\waffles\737611.jpg,1
dataset/real\ice_cream\901660.jpg,1
dataset/real\macaroni_and_cheese\693521.jpg,1
dataset/real\fish_and_chips\283700.jpg,1
dataset/fake\clam_chowder\930416.jpg,0
dataset/real\ravioli\756650.jpg,1
dataset/fake\pho\999247.jpg,0
dataset/fake\guacamole\902637.jpg,0
dataset/real\seaweed_salad\60390.jpg,1
dataset/fake\hummus\871803.jpg,0
dataset/real\hot_and_sour_soup\607274.jpg,1
dataset/fake\pizza\98617.jpg,0
dataset/fake\pulled_pork_sandwich\956818.jpg,0
dataset/fake\red_velvet_cake\601639.jpg,0
dataset/real\cheese_plate\1872257.jpg,1
dataset/real\chocolate_cake\25331.jpg,1
dataset/real\french_fries\87125.jpg,1
dataset/fake\seaweed_salad\98808.jpg,0
dataset/fake\tiramisu\511137.jpg,0
dataset/real\spaghetti_carbonara\670426.jpg,1
dataset/fake\cannoli\770203.jpg,0
dataset/real\spaghetti_bolognese\798476.jpg,1
dataset/real\croque_madame\972376.jpg,1
dataset/fake\grilled_salmon\955438.jpg,0
dataset/fake\ceviche\2842379.jpg,0
dataset/fake\french_fries\850387.jpg,0
dataset/real\filet_mignon\872325.jpg,1
dataset/fake\pulled_pork_sandwich\947258.jpg,0
dataset/fake\macaroni_and_cheese\696778.jpg,0
dataset/fake\hot_dog\91220.jpg,0
dataset/fake\panna_cotta\90472.jpg,0
dataset/fake\seaweed_salad\93734.jpg,0
dataset/real\chocolate_cake\2103047.jpg,1
dataset/fake\tiramisu\489422.jpg,0
dataset/fake\chicken_quesadilla\1335892.jpg,0
dataset/real\steak\638678.jpg,1
dataset/fake\french_onion_soup\758097.jpg,0
dataset/fake\spaghetti_bolognese\792517.jpg,0
dataset/fake\caprese_salad\55596.jpg,0
dataset/real\macaroni_and_cheese\84484.jpg,1
dataset/fake\lobster_bisque\862708.jpg,0
dataset/fake\fried_rice\92753.jpg,0
dataset/real\apple_pie\3825794.jpg,1
dataset/fake\red_velvet_cake\79805.jpg,0
dataset/real\french_fries\89974.jpg,1
dataset/fake\lasagna\746361.jpg,0
dataset/fake\red_velvet_cake\604781.jpg,0
dataset/real\bread_pudding\173250.jpg,1
dataset/real\falafel\97482.jpg,1
dataset/fake\falafel\6768.jpg,0
dataset/fake\huevos_rancheros\939505.jpg,0
dataset/fake\falafel\953274.jpg,0
dataset/fake\eggs_benedict\973435.jpg,0
dataset/fake\deviled_eggs\662604.jpg,0
dataset/real\apple_pie\3004621.jpg,1
dataset/fake\sushi\911808.jpg,0
dataset/fake\ramen\68147.jpg,0
dataset/fake\frozen_yogurt\80499.jpg,0
dataset/fake\chocolate_mousse\899470.jpg,0
dataset/fake\apple_pie\695587.jpg,0
dataset/real\paella\575346.jpg,1
dataset/real\ice_cream\918359.jpg,1
dataset/fake\cup_cakes\86160.jpg,0
dataset/real\spaghetti_bolognese\783059.jpg,1
dataset/real\strawberry_shortcake\98608.jpg,1
dataset/fake\guacamole\86812.jpg,0
dataset/fake\carrot_cake\3844718.jpg,0
dataset/fake\shrimp_and_grits\965008.jpg,0
dataset/fake\chicken_quesadilla\1539179.jpg,0
dataset/fake\ice_cream\97166.jpg,0
dataset/real\hot_dog\930181.jpg,1
dataset/real\peking_duck\74455.jpg,1
dataset/real\spaghetti_carbonara\717788.jpg,1
dataset/fake\peking_duck\62351.jpg,0
dataset/fake\filet_mignon\858296.jpg,0
dataset/fake\lobster_roll_sandwich\9253.jpg,0
dataset/real\macaroni_and_cheese\67693.jpg,1
dataset/fake\scallops\67009.jpg,0
dataset/real\ceviche\2659277.jpg,1
dataset/fake\deviled_eggs\614926.jpg,0
dataset/fake\paella\95594.jpg,0
dataset/real\pancakes\91418.jpg,1
dataset/fake\omelette\794603.jpg,0
dataset/real\oysters\98313.jpg,1
dataset/real\onion_rings\86863.jpg,1
dataset/real\shrimp_and_grits\911405.jpg,1
dataset/fake\bruschetta\3407704.jpg,0
dataset/real\falafel\947221.jpg,1
dataset/fake\bruschetta\3812218.jpg,0
dataset/fake\lasagna\816974.jpg,0
dataset/fake\chocolate_mousse\891067.jpg,0
dataset/fake\paella\82039.jpg,0
dataset/real\donuts\763266.jpg,1
dataset/fake\panna_cotta\60714.jpg,0
dataset/real\churros\917841.jpg,1
dataset/real\fish_and_chips\184654.jpg,1
dataset/fake\strawberry_shortcake\958288.jpg,0
dataset/fake\macaroni_and_cheese\694141.jpg,0
dataset/fake\frozen_yogurt\77979.jpg,0
dataset/fake\grilled_cheese_sandwich\773259.jpg,0
dataset/fake\gyoza\87872.jpg,0
dataset/real\samosa\9241.jpg,1
dataset/real\cheesecake\1767182.jpg,1
dataset/fake\gyoza\79650.jpg,0
dataset/fake\waffles\734861.jpg,0
dataset/real\steak\97656.jpg,1
dataset/real\sashimi\761080.jpg,1
dataset/real\miso_soup\94402.jpg,1
dataset/real\bibimbap\2915290.jpg,1
dataset/real\spring_rolls\7847.jpg,1
dataset/fake\lobster_bisque\825585.jpg,0
dataset/real\spaghetti_bolognese\834603.jpg,1
dataset/fake\chocolate_mousse\904759.jpg,0
dataset/real\lobster_bisque\97480.jpg,1
dataset/real\sushi\897488.jpg,1
dataset/real\dumplings\849880.jpg,1
dataset/fake\eggs_benedict\8349.jpg,0
dataset/fake\shrimp_and_grits\938890.jpg,0
dataset/fake\chicken_wings\1162022.jpg,0
dataset/fake\lasagna\739400.jpg,0
dataset/real\bruschetta\1562651.jpg,1
dataset/fake\caprese_salad\3901537.jpg,0
dataset/fake\peking_duck\561591.jpg,0
dataset/fake\baklava\3753309.jpg,0
dataset/fake\gyoza\692873.jpg,0
dataset/fake\hamburger\78997.jpg,0
dataset/real\onion_rings\96707.jpg,1
dataset/real\ravioli\806106.jpg,1
dataset/real\baby_back_ribs\1325806.jpg,1
dataset/real\macarons\869998.jpg,1
dataset/fake\lobster_bisque\813441.jpg,0
dataset/real\tuna_tartare\829472.jpg,1
dataset/real\seaweed_salad\990521.jpg,1
dataset/real\eggs_benedict\973435.jpg,1
dataset/real\waffles\758030.jpg,1
dataset/fake\ceviche\3369487.jpg,0
dataset/real\scallops\66095.jpg,1
dataset/real\chicken_wings\1618960.jpg,1
dataset/real\beignets\1869263.jpg,1
dataset/real\french_onion_soup\760358.jpg,1
dataset/fake\steak\640539.jpg,0
dataset/fake\sashimi\98340.jpg,0
dataset/fake\baby_back_ribs\3412520.jpg,0
dataset/fake\french_fries\848492.jpg,0
dataset/fake\spaghetti_carbonara\80001.jpg,0
dataset/fake\huevos_rancheros\92013.jpg,0
dataset/fake\fish_and_chips\1611179.jpg,0
dataset/fake\oysters\92031.jpg,0
dataset/fake\ravioli\793377.jpg,0
dataset/real\chicken_wings\2878316.jpg,1
dataset/fake\ceviche\1772849.jpg,0
dataset/fake\pancakes\91418.jpg,0
dataset/fake\chocolate_mousse\873750.jpg,0
dataset/fake\mussels\600210.jpg,0
dataset/fake\panna_cotta\622093.jpg,0
dataset/fake\beef_tartare\1361653.jpg,0
dataset/real\baby_back_ribs\938822.jpg,1
dataset/fake\bread_pudding\3134416.jpg,0
dataset/fake\onion_rings\77500.jpg,0
dataset/fake\oysters\889151.jpg,0
dataset/real\nachos\99088.jpg,1
dataset/fake\clam_chowder\872887.jpg,0
dataset/fake\tuna_tartare\872104.jpg,0
dataset/fake\seaweed_salad\614972.jpg,0
dataset/real\chocolate_cake\3823823.jpg,1
dataset/fake\ice_cream\891533.jpg,0
dataset/fake\filet_mignon\854250.jpg,0
dataset/real\donuts\91590.jpg,1
dataset/fake\tuna_tartare\790812.jpg,0
dataset/real\macarons\834982.jpg,1
dataset/fake\breakfast_burrito\3855280.jpg,0
dataset/real\peking_duck\561948.jpg,1
dataset/fake\macarons\875016.jpg,0
dataset/real\hamburger\732473.jpg,1
dataset/fake\bread_pudding\291714.jpg,0
dataset/real\baklava\447219.jpg,1
dataset/real\caprese_salad\3479013.jpg,1
dataset/real\macarons\841158.jpg,1
dataset/real\foie_gras\570930.jpg,1
dataset/fake\waffles\737503.jpg,0
dataset/real\macarons\884964.jpg,1
dataset/fake\chicken_curry\2610952.jpg,0
dataset/real\french_toast\791295.jpg,1
dataset/real\gyoza\694561.jpg,1
dataset/real\paella\597551.jpg,1
dataset/fake\club_sandwich\95569.jpg,0
dataset/real\bread_pudding\41004.jpg,1
dataset/fake\garlic_bread\777864.jpg,0
dataset/real\clam_chowder\897152.jpg,1
dataset/real\creme_brulee\930285.jpg,1
dataset/fake\lasagna\763059.jpg,0
dataset/fake\macaroni_and_cheese\67714.jpg,0
dataset/fake\bruschetta\2018456.jpg,0
dataset/real\french_fries\859412.jpg,1
dataset/fake\macarons\841259.jpg,0
dataset/real\pulled_pork_sandwich\971783.jpg,1
dataset/real\pork_chop\74543.jpg,1
dataset/real\fried_calamari\649177.jpg,1
dataset/real\sashimi\745308.jpg,1
dataset/real\lobster_bisque\830001.jpg,1
dataset/real\prime_rib\92331.jpg,1
dataset/fake\crab_cakes\964108.jpg,0
dataset/real\chicken_quesadilla\3418102.jpg,1
dataset/fake\beignets\3806816.jpg,0
dataset/real\baklava\1062541.jpg,1
dataset/real\beef_tartare\3049033.jpg,1
dataset/real\prime_rib\9053.jpg,1
dataset/fake\falafel\964477.jpg,0
dataset/real\tiramisu\505640.jpg,1
dataset/real\creme_brulee\919410.jpg,1
dataset/real\garlic_bread\777202.jpg,1
dataset/fake\steak\644867.jpg,0
dataset/fake\breakfast_burrito\1246341.jpg,0
dataset/real\lasagna\755522.jpg,1
dataset/fake\french_toast\794254.jpg,0
dataset/fake\guacamole\905087.jpg,0
dataset/fake\beet_salad\565113.jpg,0
dataset/real\cheesecake\248448.jpg,1
dataset/fake\cup_cakes\96277.jpg,0
dataset/real\guacamole\860920.jpg,1
dataset/fake\miso_soup\844314.jpg,0
dataset/real\takoyaki\674801.jpg,1
dataset/fake\mussels\63226.jpg,0
dataset/real\club_sandwich\844764.jpg,1
dataset/fake\poutine\864430.jpg,0
dataset/real\tacos\924512.jpg,1
dataset/fake\apple_pie\1443243.jpg,0
dataset/real\huevos_rancheros\936755.jpg,1
dataset/real\caprese_salad\1841490.jpg,1
dataset/fake\caesar_salad\2043391.jpg,0
dataset/fake\beef_tartare\1187228.jpg,0
dataset/real\bruschetta\3858477.jpg,1
dataset/real\strawberry_shortcake\70399.jpg,1
dataset/real\caesar_salad\682984.jpg,1
dataset/fake\hot_and_sour_soup\619528.jpg,0
dataset/real\sushi\911808.jpg,1
dataset/real\ceviche\2279938.jpg,1
dataset/fake\spaghetti_bolognese\802630.jpg,0
dataset/real\chicken_wings\2157246.jpg,1
dataset/fake\fried_rice\64950.jpg,0
dataset/fake\cup_cakes\96964.jpg,0
dataset/real\hot_dog\93133.jpg,1
dataset/fake\cup_cakes\9256.jpg,0
dataset/real\macarons\834813.jpg,1
dataset/fake\creme_brulee\919228.jpg,0
dataset/real\gyoza\747928.jpg,1
dataset/fake\eggs_benedict\984851.jpg,0
dataset/fake\croque_madame\56581.jpg,0
dataset/fake\tacos\911899.jpg,0
dataset/real\risotto\694685.jpg,1
dataset/real\oysters\889151.jpg,1
dataset/real\spring_rolls\685209.jpg,1
dataset/real\guacamole\99010.jpg,1
dataset/real\grilled_cheese_sandwich\775154.jpg,1
dataset/fake\beef_carpaccio\826914.jpg,0
dataset/real\clam_chowder\889952.jpg,1
dataset/real\hot_dog\98754.jpg,1
dataset/real\miso_soup\874698.jpg,1
dataset/fake\panna_cotta\69922.jpg,0
dataset/real\baby_back_ribs\707137.jpg,1
dataset/real\beignets\2472356.jpg,1
dataset/real\gyoza\722267.jpg,1
dataset/real\eggs_benedict\994800.jpg,1
dataset/real\carrot_cake\3489814.jpg,1
dataset/real\pulled_pork_sandwich\936291.jpg,1
dataset/fake\french_onion_soup\706359.jpg,0
dataset/fake\oysters\97263.jpg,0
dataset/real\filet_mignon\864215.jpg,1
dataset/fake\pancakes\76828.jpg,0
dataset/fake\pad_thai\774683.jpg,0
dataset/real\scallops\668057.jpg,1
dataset/real\club_sandwich\883455.jpg,1
dataset/fake\frozen_yogurt\66390.jpg,0
dataset/real\french_fries\852271.jpg,1
dataset/fake\samosa\95022.jpg,0
dataset/fake\ice_cream\914855.jpg,0
dataset/real\scallops\65756.jpg,1
dataset/fake\baklava\1290275.jpg,0
dataset/real\macarons\82185.jpg,1
dataset/fake\pulled_pork_sandwich\67213.jpg,0
dataset/fake\apple_pie\1946376.jpg,0
dataset/fake\fried_calamari\85884.jpg,0
dataset/real\grilled_cheese_sandwich\778717.jpg,1
dataset/real\creme_brulee\911836.jpg,1
dataset/fake\paella\575346.jpg,0
dataset/fake\lobster_roll_sandwich\95466.jpg,0
dataset/fake\croque_madame\95292.jpg,0
dataset/real\panna_cotta\598270.jpg,1
dataset/real\garlic_bread\92932.jpg,1
dataset/fake\red_velvet_cake\97406.jpg,0
dataset/real\fish_and_chips\267279.jpg,1
dataset/real\pork_chop\94984.jpg,1
dataset/real\tiramisu\521453.jpg,1
dataset/real\frozen_yogurt\97182.jpg,1
dataset/real\crab_cakes\943630.jpg,1
dataset/real\strawberry_shortcake\80689.jpg,1
dataset/fake\caprese_salad\3202397.jpg,0
dataset/real\pulled_pork_sandwich\992038.jpg,1
dataset/real\prime_rib\9547.jpg,1
dataset/real\lasagna\739400.jpg,1
dataset/fake\club_sandwich\886748.jpg,0
dataset/real\pork_chop\92752.jpg,1
dataset/real\sashimi\774793.jpg,1
dataset/real\shrimp_and_grits\938107.jpg,1
dataset/real\bibimbap\182650.jpg,1
dataset/real\pho\7248.jpg,1
dataset/fake\breakfast_burrito\2771420.jpg,0
dataset/real\pancakes\96818.jpg,1
dataset/real\tiramisu\80043.jpg,1
dataset/fake\filet_mignon\870415.jpg,0
dataset/fake\sushi\894318.jpg,0
dataset/real\grilled_cheese_sandwich\95652.jpg,1
dataset/fake\churros\864848.jpg,0
dataset/real\baklava\2321560.jpg,1
dataset/real\frozen_yogurt\75792.jpg,1
dataset/fake\steak\644777.jpg,0
dataset/fake\ravioli\806106.jpg,0
dataset/fake\grilled_cheese_sandwich\778770.jpg,0
dataset/real\caprese_salad\2071987.jpg,1
dataset/fake\beef_carpaccio\691812.jpg,0
dataset/fake\spaghetti_carbonara\675724.jpg,0
dataset/fake\cheese_plate\688432.jpg,0
dataset/real\fried_calamari\76763.jpg,1
dataset/real\french_onion_soup\695034.jpg,1
dataset/fake\beignets\1703648.jpg,0
dataset/fake\dumplings\92550.jpg,0
dataset/fake\tuna_tartare\92525.jpg,0
dataset/real\clam_chowder\917836.jpg,1
dataset/fake\beet_salad\2482528.jpg,0
dataset/fake\croque_madame\979414.jpg,0
dataset/fake\ramen\703171.jpg,0
dataset/real\pizza\98607.jpg,1
dataset/fake\greek_salad\65790.jpg,0
dataset/fake\grilled_cheese_sandwich\95652.jpg,0
dataset/real\greek_salad\65790.jpg,1
dataset/real\spaghetti_carbonara\721661.jpg,1
dataset/real\cheese_plate\1323702.jpg,1
dataset/real\chocolate_mousse\906657.jpg,1
dataset/fake\chicken_curry\364808.jpg,0
dataset/real\beef_carpaccio\1956862.jpg,1
dataset/fake\peking_duck\566911.jpg,0
dataset/real\beef_carpaccio\11483.jpg,1
dataset/real\ravioli\751621.jpg,1
dataset/fake\grilled_salmon\930889.jpg,0
dataset/fake\samosa\8443.jpg,0
dataset/fake\risotto\681331.jpg,0
dataset/fake\hummus\847612.jpg,0
dataset/real\grilled_salmon\940201.jpg,1
dataset/fake\cannoli\3371166.jpg,0
dataset/real\spaghetti_carbonara\80789.jpg,1
dataset/fake\caprese_salad\2641929.jpg,0
dataset/real\risotto\691818.jpg,1
dataset/fake\apple_pie\2445712.jpg,0
dataset/real\bruschetta\1119741.jpg,1
dataset/real\tiramisu\96202.jpg,1
dataset/fake\peking_duck\8098.jpg,0
dataset/real\strawberry_shortcake\79565.jpg,1
dataset/real\chocolate_mousse\97831.jpg,1
dataset/fake\ramen\675302.jpg,0
dataset/real\baby_back_ribs\3412520.jpg,1
dataset/fake\macaroni_and_cheese\650141.jpg,0
dataset/fake\hamburger\76858.jpg,0
dataset/fake\deviled_eggs\62723.jpg,0
dataset/fake\clam_chowder\884105.jpg,0
dataset/real\poutine\860886.jpg,1
dataset/fake\ravioli\83872.jpg,0
dataset/fake\french_fries\845350.jpg,0
dataset/fake\fried_rice\59189.jpg,0
dataset/fake\chicken_curry\3039770.jpg,0
dataset/fake\fried_calamari\95861.jpg,0
dataset/real\cheese_plate\2270753.jpg,1
dataset/fake\chocolate_cake\1594496.jpg,0
dataset/fake\steak\9555.jpg,0
dataset/fake\cheesecake\1751518.jpg,0
dataset/fake\pho\62482.jpg,0
dataset/fake\ramen\9330.jpg,0
dataset/fake\samosa\9241.jpg,0
dataset/fake\gnocchi\88676.jpg,0
dataset/fake\ice_cream\89027.jpg,0
dataset/fake\pho\5967.jpg,0
dataset/real\ramen\702674.jpg,1
dataset/real\scallops\686766.jpg,1
dataset/real\cheesecake\3614194.jpg,1
dataset/real\peking_duck\574748.jpg,1
dataset/real\baby_back_ribs\1959961.jpg,1
dataset/fake\falafel\988764.jpg,0
dataset/fake\cheesecake\1767182.jpg,0
dataset/fake\pizza\83538.jpg,0
dataset/real\foie_gras\66733.jpg,1
dataset/real\waffles\764669.jpg,1
dataset/real\lobster_bisque\777352.jpg,1
dataset/real\cannoli\627655.jpg,1
dataset/real\poutine\938903.jpg,1
dataset/real\pad_thai\89859.jpg,1
dataset/fake\miso_soup\888066.jpg,0
dataset/fake\fried_calamari\633370.jpg,0
dataset/fake\cup_cakes\67766.jpg,0
dataset/fake\sashimi\787756.jpg,0
dataset/fake\red_velvet_cake\7330.jpg,0
dataset/fake\carrot_cake\569667.jpg,0
dataset/fake\carrot_cake\2464542.jpg,0
dataset/real\tuna_tartare\803766.jpg,1
dataset/fake\hummus\871829.jpg,0
dataset/fake\french_onion_soup\735325.jpg,0
dataset/real\mussels\89826.jpg,1
dataset/real\caprese_salad\666910.jpg,1
dataset/real\deviled_eggs\89206.jpg,1
dataset/real\cheese_plate\1667697.jpg,1
dataset/fake\strawberry_shortcake\79093.jpg,0
dataset/real\omelette\838001.jpg,1
dataset/fake\lobster_roll_sandwich\85224.jpg,0
dataset/fake\caesar_salad\682984.jpg,0
dataset/fake\pad_thai\94744.jpg,0
dataset/fake\onion_rings\734372.jpg,0
dataset/real\beignets\924187.jpg,1
dataset/fake\mussels\8951.jpg,0
dataset/fake\seaweed_salad\89991.jpg,0
dataset/real\cannoli\3371166.jpg,1
dataset/real\red_velvet_cake\632941.jpg,1
dataset/real\waffles\88648.jpg,1
dataset/real\croque_madame\91563.jpg,1
dataset/fake\peking_duck\63425.jpg,0
dataset/real\fried_rice\68708.jpg,1
dataset/fake\tacos\85137.jpg,0
dataset/fake\breakfast_burrito\1350344.jpg,0
dataset/fake\beef_tartare\1697360.jpg,0
dataset/real\mussels\8951.jpg,1
dataset/fake\nachos\549619.jpg,0
dataset/fake\chicken_quesadilla\905097.jpg,0
dataset/real\paella\64919.jpg,1
dataset/real\chicken_quesadilla\3466414.jpg,1
dataset/fake\gyoza\78536.jpg,0
dataset/real\garlic_bread\804151.jpg,1
dataset/real\pulled_pork_sandwich\947325.jpg,1
dataset/real\seaweed_salad\76982.jpg,1
dataset/real\omelette\766716.jpg,1
dataset/real\prime_rib\96213.jpg,1
dataset/fake\garlic_bread\833071.jpg,0
dataset/real\steak\80215.jpg,1
dataset/real\mussels\605254.jpg,1
dataset/fake\miso_soup\94402.jpg,0
dataset/real\nachos\90700.jpg,1
dataset/fake\steak\90930.jpg,0
dataset/real\creme_brulee\99276.jpg,1
dataset/fake\omelette\783345.jpg,0
dataset/fake\pho\7588.jpg,0
dataset/real\seaweed_salad\85409.jpg,1
dataset/fake\fish_and_chips\3780634.jpg,0
dataset/fake\pho\59434.jpg,0
dataset/fake\bruschetta\3173075.jpg,0
dataset/real\spaghetti_bolognese\802630.jpg,1
dataset/fake\spaghetti_carbonara\708167.jpg,0
dataset/real\fried_calamari\651682.jpg,1
dataset/fake\shrimp_and_grits\919726.jpg,0
dataset/fake\panna_cotta\74637.jpg,0
dataset/fake\fish_and_chips\184654.jpg,0
dataset/fake\risotto\75664.jpg,0
dataset/fake\bruschetta\827314.jpg,0
dataset/real\ice_cream\90167.jpg,1
dataset/fake\edamame\750271.jpg,0
dataset/real\crab_cakes\937161.jpg,1
dataset/real\cannoli\1819956.jpg,1
dataset/real\tacos\837058.jpg,1
dataset/real\scallops\66443.jpg,1
dataset/fake\lobster_roll_sandwich\843845.jpg,0
dataset/real\bruschetta\1678573.jpg,1
dataset/fake\foie_gras\562850.jpg,0
dataset/real\guacamole\907331.jpg,1
dataset/fake\spring_rolls\91708.jpg,0
dataset/real\paella\82039.jpg,1
dataset/fake\poutine\926319.jpg,0
dataset/fake\risotto\708502.jpg,0
dataset/real\samosa\95022.jpg,1
dataset/fake\chocolate_mousse\906657.jpg,0
dataset/real\pancakes\7498.jpg,1
dataset/real\falafel\953274.jpg,1
dataset/real\french_toast\818831.jpg,1
dataset/real\clam_chowder\906900.jpg,1
dataset/real\ceviche\152909.jpg,1
dataset/real\eggs_benedict\9428.jpg,1
dataset/fake\seaweed_salad\988710.jpg,0
dataset/real\chocolate_cake\2694691.jpg,1
dataset/real\beignets\3917742.jpg,1
dataset/real\shrimp_and_grits\965008.jpg,1
dataset/real\nachos\83227.jpg,1
dataset/real\caesar_salad\3627235.jpg,1
dataset/fake\greek_salad\99676.jpg,0
dataset/real\frozen_yogurt\99252.jpg,1
dataset/fake\edamame\747734.jpg,0
dataset/fake\paella\76566.jpg,0
dataset/fake\clam_chowder\905093.jpg,0
dataset/fake\ramen\8764.jpg,0
dataset/real\hamburger\91710.jpg,1
dataset/fake\croque_madame\88150.jpg,0
dataset/real\gnocchi\91814.jpg,1
dataset/fake\baby_back_ribs\1325806.jpg,0
dataset/fake\nachos\547222.jpg,0
dataset/fake\mussels\74433.jpg,0
dataset/fake\huevos_rancheros\903136.jpg,0
dataset/real\ravioli\83872.jpg,1
dataset/real\cheese_plate\2736897.jpg,1
dataset/fake\fried_rice\59958.jpg,0
dataset/real\deviled_eggs\85295.jpg,1
dataset/fake\chicken_curry\3919521.jpg,0
dataset/fake\panna_cotta\590279.jpg,0
dataset/fake\mussels\88673.jpg,0
dataset/real\chocolate_cake\2398993.jpg,1
dataset/real\steak\660900.jpg,1
dataset/real\lobster_bisque\829123.jpg,1
dataset/real\deviled_eggs\649743.jpg,1
dataset/real\shrimp_and_grits\967122.jpg,1
dataset/fake\samosa\833085.jpg,0
dataset/real\macarons\82057.jpg,1
dataset/real\lasagna\741547.jpg,1
dataset/fake\crab_cakes\947777.jpg,0
dataset/real\cheesecake\1122445.jpg,1
dataset/real\chocolate_cake\2493285.jpg,1
dataset/real\omelette\823932.jpg,1
dataset/fake\macarons\869993.jpg,0
dataset/real\beef_carpaccio\3412113.jpg,1
dataset/fake\beef_tartare\190469.jpg,0
dataset/fake\spring_rolls\684015.jpg,0
dataset/real\red_velvet_cake\635226.jpg,1
dataset/fake\peking_duck\79718.jpg,0
dataset/fake\cheese_plate\2270753.jpg,0
dataset/fake\french_toast\94694.jpg,0
dataset/fake\poutine\916691.jpg,0
dataset/real\chocolate_mousse\98925.jpg,1
dataset/real\bibimbap\3655671.jpg,1
dataset/real\hot_dog\917699.jpg,1
dataset/real\caprese_salad\2693721.jpg,1
dataset/fake\crab_cakes\944840.jpg,0
dataset/real\ramen\8764.jpg,1
dataset/real\apple_pie\3728481.jpg,1
dataset/fake\frozen_yogurt\84365.jpg,0
dataset/fake\hot_and_sour_soup\613398.jpg,0
dataset/real\lasagna\772991.jpg,1
dataset/real\creme_brulee\929189.jpg,1
dataset/fake\ramen\9497.jpg,0
dataset/fake\cheesecake\2005548.jpg,0
dataset/fake\club_sandwich\97180.jpg,0
dataset/real\ravioli\819595.jpg,1
dataset/real\hot_and_sour_soup\76845.jpg,1
dataset/fake\mussels\91788.jpg,0
dataset/real\oysters\907982.jpg,1
dataset/real\cannoli\2869264.jpg,1
dataset/real\chicken_wings\1165970.jpg,1
dataset/real\tacos\911899.jpg,1
dataset/fake\fish_and_chips\26665.jpg,0
dataset/fake\cannoli\1641833.jpg,0
dataset/real\eggs_benedict\992871.jpg,1
dataset/real\ramen\88430.jpg,1
dataset/real\deviled_eggs\647099.jpg,1
dataset/real\donuts\759973.jpg,1
dataset/real\cheesecake\357959.jpg,1
dataset/fake\lobster_bisque\846125.jpg,0
dataset/fake\garlic_bread\95606.jpg,0
dataset/real\hummus\99597.jpg,1
dataset/real\onion_rings\722278.jpg,1
dataset/fake\hot_dog\926070.jpg,0
dataset/real\nachos\561082.jpg,1
dataset/real\takoyaki\72228.jpg,1
dataset/fake\hot_dog\938937.jpg,0
dataset/real\cheese_plate\148467.jpg,1
dataset/fake\caprese_salad\44054.jpg,0
dataset/fake\hot_dog\94430.jpg,0
dataset/real\baby_back_ribs\1726178.jpg,1
dataset/fake\apple_pie\2909139.jpg,0
dataset/fake\steak\658189.jpg,0
dataset/real\churros\938480.jpg,1
dataset/fake\tuna_tartare\814761.jpg,0
dataset/real\waffles\77990.jpg,1
dataset/fake\baby_back_ribs\3572271.jpg,0
dataset/fake\onion_rings\85376.jpg,0
dataset/real\grilled_cheese_sandwich\770489.jpg,1
dataset/fake\macarons\86070.jpg,0
dataset/fake\deviled_eggs\7018.jpg,0
dataset/fake\clam_chowder\91980.jpg,0
dataset/real\cheesecake\882301.jpg,1
dataset/real\club_sandwich\887877.jpg,1
dataset/real\ravioli\88545.jpg,1
dataset/fake\filet_mignon\872325.jpg,0
dataset/fake\steak\638678.jpg,0
dataset/real\carrot_cake\1623924.jpg,1
dataset/fake\sushi\918053.jpg,0
dataset/real\grilled_cheese_sandwich\97834.jpg,1
dataset/real\french_onion_soup\699260.jpg,1
dataset/real\nachos\79004.jpg,1
dataset/fake\steak\640024.jpg,0
dataset/fake\scallops\89816.jpg,0
dataset/fake\poutine\913823.jpg,0
dataset/fake\edamame\747067.jpg,0
dataset/real\shrimp_and_grits\918510.jpg,1
dataset/real\breakfast_burrito\361705.jpg,1
dataset/real\poutine\872723.jpg,1
dataset/fake\pancakes\83414.jpg,0
dataset/fake\churros\890058.jpg,0
dataset/real\baklava\3753309.jpg,1
dataset/real\french_fries\93653.jpg,1
dataset/real\croque_madame\998828.jpg,1
dataset/real\french_fries\854901.jpg,1
dataset/real\churros\881905.jpg,1
dataset/real\pulled_pork_sandwich\956692.jpg,1
dataset/fake\tiramisu\524712.jpg,0
dataset/fake\baby_back_ribs\945139.jpg,0
dataset/fake\samosa\842184.jpg,0
dataset/real\dumplings\83315.jpg,1
dataset/real\omelette\809248.jpg,1
dataset/fake\gnocchi\791449.jpg,0
dataset/fake\onion_rings\80540.jpg,0
dataset/real\fried_calamari\85884.jpg,1
dataset/real\french_toast\816895.jpg,1
dataset/real\beet_salad\824932.jpg,1
dataset/fake\falafel\94008.jpg,0
dataset/fake\beignets\3034743.jpg,0
dataset/real\caprese_salad\3851238.jpg,1
dataset/fake\hot_and_sour_soup\654722.jpg,0
dataset/real\chicken_curry\404095.jpg,1
dataset/real\chicken_quesadilla\3855204.jpg,1
dataset/fake\ramen\9784.jpg,0
dataset/real\beignets\646871.jpg,1
dataset/fake\huevos_rancheros\918605.jpg,0
dataset/fake\cheese_plate\1872257.jpg,0
dataset/fake\strawberry_shortcake\80669.jpg,0
dataset/fake\chocolate_cake\2125707.jpg,0
dataset/real\eggs_benedict\47464.jpg,1
dataset/real\gnocchi\756033.jpg,1
dataset/fake\cheese_plate\1958947.jpg,0
dataset/fake\pho\58456.jpg,0
dataset/fake\gnocchi\79585.jpg,0
dataset/fake\macaroni_and_cheese\696983.jpg,0
dataset/fake\guacamole\854635.jpg,0
dataset/real\fish_and_chips\2446289.jpg,1
dataset/real\cup_cakes\67766.jpg,1
dataset/real\bread_pudding\364693.jpg,1
dataset/real\sushi\918194.jpg,1
dataset/fake\spring_rolls\685209.jpg,0
dataset/fake\falafel\964530.jpg,0
dataset/real\tacos\875734.jpg,1
dataset/real\ice_cream\888114.jpg,1
dataset/real\sashimi\76834.jpg,1
dataset/real\french_onion_soup\723360.jpg,1
dataset/fake\omelette\821964.jpg,0
dataset/real\omelette\800743.jpg,1
dataset/real\panna_cotta\610769.jpg,1
dataset/fake\guacamole\8991.jpg,0
dataset/real\fried_calamari\82808.jpg,1
dataset/fake\cannoli\1140808.jpg,0
dataset/fake\chicken_quesadilla\2367805.jpg,0
dataset/fake\cup_cakes\81705.jpg,0
dataset/real\steak\637374.jpg,1
dataset/real\french_fries\82535.jpg,1
dataset/real\carrot_cake\1220035.jpg,1
dataset/real\caesar_salad\2949157.jpg,1
dataset/real\carrot_cake\395210.jpg,1
dataset/fake\cup_cakes\69570.jpg,0
dataset/real\waffles\97567.jpg,1
dataset/fake\spring_rolls\7394.jpg,0
dataset/real\spaghetti_bolognese\832660.jpg,1
dataset/fake\bread_pudding\2603470.jpg,0
dataset/fake\hamburger\81813.jpg,0
dataset/fake\fried_rice\996895.jpg,0
dataset/real\caesar_salad\1833559.jpg,1
dataset/real\filet_mignon\852247.jpg,1
dataset/fake\huevos_rancheros\898352.jpg,0
dataset/fake\cheesecake\165910.jpg,0
dataset/fake\bread_pudding\3280798.jpg,0
dataset/fake\frozen_yogurt\75053.jpg,0
dataset/fake\french_toast\783372.jpg,0
dataset/fake\pork_chop\96943.jpg,0
dataset/real\chicken_quesadilla\1998851.jpg,1
dataset/fake\apple_pie\2969119.jpg,0
dataset/fake\donuts\9843.jpg,0
dataset/real\oysters\882316.jpg,1
dataset/fake\nachos\74023.jpg,0
dataset/fake\gnocchi\792768.jpg,0
dataset/real\croque_madame\88150.jpg,1
dataset/fake\ravioli\783093.jpg,0
dataset/fake\eggs_benedict\53096.jpg,0
dataset/real\pancakes\86107.jpg,1
dataset/real\creme_brulee\895254.jpg,1
dataset/fake\miso_soup\864146.jpg,0
dataset/real\chicken_curry\2591392.jpg,1
dataset/real\hot_dog\930190.jpg,1
dataset/fake\shrimp_and_grits\949988.jpg,0
dataset/fake\hamburger\91566.jpg,0
dataset/fake\shrimp_and_grits\923212.jpg,0
dataset/fake\seaweed_salad\85627.jpg,0
dataset/real\hummus\97624.jpg,1
dataset/real\pancakes\8231.jpg,1
dataset/real\beignets\2977212.jpg,1
dataset/fake\macaroni_and_cheese\684675.jpg,0
dataset/real\scallops\647664.jpg,1
dataset/real\macaroni_and_cheese\92688.jpg,1
dataset/real\carrot_cake\2470640.jpg,1
dataset/real\carrot_cake\1585504.jpg,1
dataset/real\spaghetti_carbonara\675898.jpg,1
dataset/real\pad_thai\78461.jpg,1
dataset/fake\baklava\1824405.jpg,0
dataset/real\apple_pie\3699587.jpg,1
dataset/fake\eggs_benedict\7571.jpg,0
dataset/fake\samosa\805428.jpg,0
dataset/real\lobster_bisque\819123.jpg,1
dataset/real\poutine\85455.jpg,1
dataset/real\bruschetta\827314.jpg,1
dataset/real\guacamole\849244.jpg,1
dataset/real\eggs_benedict\56601.jpg,1
dataset/fake\donuts\99096.jpg,0
dataset/fake\strawberry_shortcake\70399.jpg,0
dataset/fake\strawberry_shortcake\976997.jpg,0
dataset/fake\edamame\756500.jpg,0
dataset/fake\fried_rice\523739.jpg,0
dataset/fake\ramen\78712.jpg,0
dataset/fake\caprese_salad\2939968.jpg,0
dataset/fake\takoyaki\88731.jpg,0
dataset/fake\ice_cream\919447.jpg,0
dataset/real\hummus\897908.jpg,1
dataset/fake\crab_cakes\964485.jpg,0
dataset/fake\hot_dog\91869.jpg,0
dataset/fake\fried_calamari\631523.jpg,0
dataset/real\macarons\90142.jpg,1
dataset/fake\pizza\89197.jpg,0
dataset/fake\lasagna\8959.jpg,0
dataset/fake\waffles\78000.jpg,0
dataset/fake\peking_duck\561948.jpg,0
dataset/real\grilled_cheese_sandwich\765039.jpg,1
dataset/real\carrot_cake\1921861.jpg,1
dataset/real\guacamole\872429.jpg,1
dataset/fake\onion_rings\82479.jpg,0
dataset/real\waffles\753739.jpg,1
dataset/fake\deviled_eggs\649418.jpg,0
dataset/fake\pulled_pork_sandwich\947325.jpg,0
dataset/fake\risotto\694685.jpg,0
dataset/real\churros\98227.jpg,1
dataset/fake\creme_brulee\896028.jpg,0
dataset/real\nachos\547222.jpg,1
dataset/real\dumplings\822773.jpg,1
dataset/real\baklava\1824405.jpg,1
dataset/fake\eggs_benedict\7718.jpg,0
dataset/fake\beignets\2979521.jpg,0
dataset/fake\peking_duck\574748.jpg,0
dataset/real\pizza\82578.jpg,1
dataset/fake\hamburger\73340.jpg,0
dataset/fake\cheese_plate\1976426.jpg,0
dataset/fake\clam_chowder\894778.jpg,0
dataset/real\pancakes\91756.jpg,1
dataset/fake\eggs_benedict\9428.jpg,0
dataset/fake\foie_gras\576319.jpg,0
dataset/real\fish_and_chips\1521651.jpg,1
dataset/real\cannoli\770203.jpg,1
dataset/fake\fried_calamari\645411.jpg,0
dataset/fake\club_sandwich\97915.jpg,0
dataset/real\seaweed_salad\75519.jpg,1
dataset/real\lobster_bisque\88083.jpg,1
dataset/fake\spring_rolls\703596.jpg,0
dataset/fake\steak\66858.jpg,0
dataset/real\chicken_wings\1184967.jpg,1
dataset/fake\foie_gras\71779.jpg,0
dataset/fake\prime_rib\858121.jpg,0
dataset/real\pad_thai\777737.jpg,1
dataset/real\red_velvet_cake\64738.jpg,1
dataset/real\tacos\896949.jpg,1
dataset/fake\fried_calamari\98974.jpg,0
dataset/fake\red_velvet_cake\635226.jpg,0
dataset/real\beef_tartare\1187228.jpg,1
dataset/fake\crab_cakes\939129.jpg,0
dataset/fake\beef_carpaccio\1738745.jpg,0
dataset/real\dumplings\86701.jpg,1
dataset/fake\ravioli\742128.jpg,0
dataset/real\bibimbap\3096950.jpg,1
dataset/fake\oysters\877118.jpg,0
dataset/real\risotto\696973.jpg,1
dataset/fake\pizza\65128.jpg,0
dataset/fake\edamame\749063.jpg,0
dataset/real\caesar_salad\3824310.jpg,1
dataset/real\chicken_wings\2779577.jpg,1
dataset/fake\fried_calamari\651682.jpg,0
dataset/fake\pancakes\8231.jpg,0
dataset/fake\apple_pie\3217969.jpg,0
dataset/fake\chicken_quesadilla\212315.jpg,0
dataset/fake\guacamole\855158.jpg,0
dataset/fake\beef_tartare\2884978.jpg,0
dataset/real\deviled_eggs\92324.jpg,1
dataset/fake\ravioli\809033.jpg,0
dataset/real\baby_back_ribs\2977633.jpg,1
dataset/real\lasagna\800629.jpg,1
dataset/fake\french_fries\89974.jpg,0
dataset/real\cheesecake\1286644.jpg,1
dataset/real\chicken_wings\1491184.jpg,1
dataset/fake\shrimp_and_grits\932399.jpg,0
dataset/fake\miso_soup\868388.jpg,0
dataset/fake\sushi\94385.jpg,0
dataset/fake\eggs_benedict\975493.jpg,0
dataset/real\fried_calamari\94058.jpg,1
dataset/fake\paella\73919.jpg,0
dataset/fake\mussels\598137.jpg,0
dataset/real\sushi\93139.jpg,1
dataset/real\cannoli\1140808.jpg,1
dataset/real\paella\6991.jpg,1
dataset/real\hamburger\90115.jpg,1
dataset/fake\oysters\931386.jpg,0
dataset/real\croque_madame\64404.jpg,1
dataset/fake\deviled_eggs\618957.jpg,0
dataset/fake\grilled_cheese_sandwich\796733.jpg,0
dataset/fake\onion_rings\96707.jpg,0
dataset/fake\sushi\913716.jpg,0
dataset/real\chicken_quesadilla\1335892.jpg,1
dataset/fake\panna_cotta\604223.jpg,0
dataset/real\strawberry_shortcake\71742.jpg,1
dataset/fake\spaghetti_bolognese\798476.jpg,0
dataset/real\chicken_curry\1208906.jpg,1
dataset/fake\pho\990037.jpg,0
dataset/fake\beef_carpaccio\1462959.jpg,0
dataset/fake\escargots\74996.jpg,0
dataset/fake\hot_dog\96740.jpg,0
dataset/real\pork_chop\80368.jpg,1
dataset/real\samosa\805428.jpg,1
dataset/real\red_velvet_cake\77978.jpg,1
dataset/real\baby_back_ribs\2561928.jpg,1
dataset/fake\samosa\81021.jpg,0
dataset/fake\sashimi\766300.jpg,0
dataset/real\foie_gras\71461.jpg,1
dataset/real\red_velvet_cake\604781.jpg,1
dataset/real\chocolate_mousse\861730.jpg,1
dataset/real\garlic_bread\789180.jpg,1
dataset/real\baby_back_ribs\2456889.jpg,1
dataset/fake\croque_madame\64404.jpg,0
dataset/fake\shrimp_and_grits\946408.jpg,0
dataset/real\lobster_roll_sandwich\97570.jpg,1
dataset/real\hot_dog\920993.jpg,1
dataset/fake\escargots\96872.jpg,0
dataset/real\greek_salad\949442.jpg,1
dataset/fake\waffles\758030.jpg,0
dataset/fake\fried_calamari\76763.jpg,0
dataset/fake\ravioli\76253.jpg,0
dataset/real\peking_duck\72036.jpg,1
dataset/fake\hot_and_sour_soup\628858.jpg,0
dataset/real\takoyaki\97911.jpg,1
dataset/real\spaghetti_bolognese\808357.jpg,1
dataset/fake\falafel\966926.jpg,0
dataset/real\donuts\756993.jpg,1
dataset/real\spring_rolls\95572.jpg,1
dataset/real\apple_pie\678482.jpg,1
dataset/real\cup_cakes\69570.jpg,1
dataset/real\caesar_salad\3686850.jpg,1
dataset/fake\beet_salad\700945.jpg,0
dataset/real\grilled_cheese_sandwich\780481.jpg,1
dataset/real\chicken_curry\1878636.jpg,1
dataset/real\panna_cotta\590279.jpg,1
dataset/real\pho\65130.jpg,1
dataset/fake\lobster_roll_sandwich\87206.jpg,0
dataset/fake\macarons\90142.jpg,0
dataset/fake\breakfast_burrito\3883861.jpg,0
dataset/real\macaroni_and_cheese\658206.jpg,1
dataset/fake\ceviche\127492.jpg,0
dataset/fake\takoyaki\694770.jpg,0
dataset/real\nachos\92485.jpg,1
dataset/fake\caprese_salad\2693721.jpg,0
dataset/real\cup_cakes\81705.jpg,1
dataset/fake\carrot_cake\1419679.jpg,0
dataset/real\seaweed_salad\598811.jpg,1
dataset/fake\carrot_cake\1764646.jpg,0
dataset/real\strawberry_shortcake\98318.jpg,1
dataset/fake\pancakes\96818.jpg,0
dataset/fake\macarons\839307.jpg,0
dataset/real\carrot_cake\694824.jpg,1
dataset/real\steak\647683.jpg,1
dataset/real\chicken_curry\505405.jpg,1
dataset/fake\waffles\97524.jpg,0
dataset/fake\panna_cotta\620575.jpg,0
dataset/fake\croque_madame\975690.jpg,0
dataset/real\chocolate_mousse\87225.jpg,1
dataset/fake\fish_and_chips\925849.jpg,0
dataset/fake\onion_rings\75146.jpg,0
dataset/real\lasagna\746361.jpg,1
dataset/fake\hummus\865227.jpg,0
dataset/fake\caesar_salad\1833559.jpg,0
dataset/fake\fried_calamari\641747.jpg,0
dataset/fake\takoyaki\676990.jpg,0
dataset/real\tuna_tartare\877221.jpg,1
dataset/real\ravioli\91837.jpg,1
dataset/fake\donuts\91540.jpg,0
dataset/fake\oysters\929887.jpg,0
dataset/real\seaweed_salad\609445.jpg,1
dataset/fake\chicken_wings\1503564.jpg,0
dataset/fake\baby_back_ribs\1384024.jpg,0
dataset/fake\waffles\82242.jpg,0
dataset/fake\carrot_cake\335943.jpg,0
dataset/fake\beignets\3019468.jpg,0
dataset/fake\beef_carpaccio\11483.jpg,0
dataset/real\takoyaki\669572.jpg,1
dataset/real\guacamole\855158.jpg,1
dataset/fake\french_onion_soup\695034.jpg,0
dataset/fake\miso_soup\831011.jpg,0
dataset/real\miso_soup\869480.jpg,1
dataset/real\eggs_benedict\997621.jpg,1
dataset/real\beet_salad\2482528.jpg,1
dataset/real\deviled_eggs\637148.jpg,1
dataset/fake\red_velvet_cake\588552.jpg,0
dataset/fake\grilled_cheese_sandwich\765039.jpg,0
dataset/fake\ravioli\784177.jpg,0
dataset/real\macaroni_and_cheese\684675.jpg,1
dataset/real\tiramisu\445981.jpg,1
dataset/real\takoyaki\85593.jpg,1
dataset/fake\lasagna\734082.jpg,0
dataset/fake\guacamole\907453.jpg,0
dataset/real\ramen\78712.jpg,1
dataset/fake\prime_rib\827873.jpg,0
dataset/real\chicken_wings\1509959.jpg,1
dataset/real\sashimi\795596.jpg,1
dataset/fake\french_fries\823649.jpg,0
dataset/real\takoyaki\86899.jpg,1
dataset/real\lobster_roll_sandwich\86817.jpg,1
dataset/real\garlic_bread\792397.jpg,1
dataset/fake\baklava\3038844.jpg,0
dataset/fake\ravioli\91837.jpg,0
dataset/fake\garlic_bread\92932.jpg,0
dataset/real\caprese_salad\3202397.jpg,1
dataset/fake\spaghetti_bolognese\794313.jpg,0
dataset/real\chicken_curry\921382.jpg,1
dataset/fake\pancakes\83610.jpg,0
dataset/real\panna_cotta\97774.jpg,1
dataset/real\peking_duck\8098.jpg,1
dataset/real\cheesecake\1093939.jpg,1
dataset/fake\grilled_salmon\940815.jpg,0
dataset/real\pork_chop\96943.jpg,1
dataset/fake\hot_and_sour_soup\80543.jpg,0
dataset/fake\bread_pudding\173250.jpg,0
dataset/fake\peking_duck\71526.jpg,0
dataset/fake\spaghetti_bolognese\842289.jpg,0
dataset/fake\crab_cakes\936683.jpg,0
dataset/fake\lobster_roll_sandwich\86021.jpg,0
dataset/fake\sashimi\8151.jpg,0
dataset/fake\chocolate_cake\639222.jpg,0
dataset/real\gyoza\79650.jpg,1
dataset/real\sashimi\8151.jpg,1
dataset/real\escargots\96872.jpg,1
dataset/real\red_velvet_cake\7330.jpg,1
dataset/real\nachos\539805.jpg,1
dataset/fake\creme_brulee\899546.jpg,0
dataset/real\chocolate_cake\3592680.jpg,1
dataset/real\edamame\91319.jpg,1
dataset/fake\mussels\610478.jpg,0
dataset/fake\gnocchi\788047.jpg,0
dataset/fake\beef_tartare\3072015.jpg,0
dataset/real\chocolate_mousse\930454.jpg,1
dataset/real\beet_salad\2259920.jpg,1
dataset/fake\foie_gras\66733.jpg,0
dataset/fake\fish_and_chips\1865683.jpg,0
dataset/real\club_sandwich\882297.jpg,1
dataset/fake\cheesecake\935701.jpg,0
dataset/fake\poutine\889929.jpg,0
dataset/fake\pizza\5764.jpg,0
dataset/fake\baklava\787981.jpg,0
dataset/real\cannoli\806443.jpg,1
dataset/real\beet_salad\2619761.jpg,1
dataset/real\clam_chowder\902589.jpg,1
dataset/fake\pad_thai\737018.jpg,0
dataset/real\shrimp_and_grits\970365.jpg,1
dataset/real\beignets\3019700.jpg,1
dataset/real\poutine\935619.jpg,1
dataset/fake\pork_chop\644795.jpg,0
dataset/real\peking_duck\5925.jpg,1
dataset/fake\tiramisu\6032.jpg,0
dataset/fake\dumplings\85343.jpg,0
dataset/real\beef_carpaccio\2503017.jpg,1
dataset/real\fried_calamari\80030.jpg,1
dataset/real\gnocchi\791449.jpg,1
dataset/real\lasagna\763059.jpg,1
dataset/real\gnocchi\781572.jpg,1
dataset/fake\french_fries\87020.jpg,0
dataset/real\chocolate_cake\2942827.jpg,1
dataset/fake\grilled_salmon\934661.jpg,0
dataset/fake\bruschetta\76583.jpg,0
dataset/fake\churros\917841.jpg,0
dataset/fake\beet_salad\3619100.jpg,0
dataset/fake\falafel\975803.jpg,0
dataset/fake\club_sandwich\856659.jpg,0
dataset/real\onion_rings\83998.jpg,1
dataset/fake\ice_cream\873378.jpg,0
dataset/real\bread_pudding\3476894.jpg,1
dataset/fake\seaweed_salad\76982.jpg,0
dataset/fake\eggs_benedict\997621.jpg,0
dataset/fake\spaghetti_bolognese\803860.jpg,0
dataset/fake\deviled_eggs\663381.jpg,0
dataset/real\ice_cream\914855.jpg,1
dataset/real\tacos\847402.jpg,1
dataset/fake\macaroni_and_cheese\95322.jpg,0
dataset/real\tuna_tartare\864119.jpg,1
dataset/real\paella\80724.jpg,1
dataset/fake\huevos_rancheros\95371.jpg,0
dataset/fake\panna_cotta\596975.jpg,0
dataset/real\baby_back_ribs\634146.jpg,1
dataset/real\samosa\782181.jpg,1
dataset/real\omelette\753473.jpg,1
dataset/fake\ceviche\2985429.jpg,0
dataset/fake\beet_salad\2259920.jpg,0
dataset/fake\pizza\89892.jpg,0
dataset/real\frozen_yogurt\621596.jpg,1
dataset/real\french_fries\82946.jpg,1
dataset/real\tiramisu\489422.jpg,1
dataset/real\clam_chowder\884105.jpg,1
dataset/real\dumplings\856176.jpg,1
dataset/real\clam_chowder\903815.jpg,1
dataset/real\bruschetta\3665558.jpg,1
dataset/real\cannoli\1713057.jpg,1
dataset/fake\hamburger\83196.jpg,0
dataset/fake\chicken_wings\1968726.jpg,0
dataset/real\gyoza\727174.jpg,1
dataset/fake\falafel\96103.jpg,0
dataset/real\chicken_quesadilla\2085130.jpg,1
dataset/real\chicken_wings\67011.jpg,1
dataset/real\bibimbap\1007274.jpg,1
dataset/fake\dumplings\90206.jpg,0
dataset/real\peking_duck\563464.jpg,1
dataset/real\ceviche\444870.jpg,1
dataset/real\fried_calamari\66099.jpg,1
dataset/real\fried_calamari\629497.jpg,1
dataset/fake\chicken_quesadilla\1367589.jpg,0
dataset/fake\shrimp_and_grits\947809.jpg,0
dataset/real\gnocchi\762272.jpg,1
dataset/fake\samosa\82163.jpg,0
dataset/real\apple_pie\3217969.jpg,1
dataset/real\macaroni_and_cheese\65403.jpg,1
dataset/fake\baklava\2322552.jpg,0
dataset/real\carrot_cake\148324.jpg,1
dataset/real\club_sandwich\87971.jpg,1
dataset/real\escargots\80351.jpg,1
dataset/fake\steak\97656.jpg,0
dataset/fake\dumplings\84188.jpg,0
dataset/real\huevos_rancheros\893841.jpg,1
dataset/real\beef_tartare\39858.jpg,1
dataset/fake\nachos\99087.jpg,0
dataset/fake\deviled_eggs\658551.jpg,0
dataset/real\carrot_cake\215226.jpg,1
dataset/fake\waffles\743722.jpg,0
dataset/real\macarons\886478.jpg,1
dataset/fake\hot_and_sour_soup\75477.jpg,0
dataset/real\mussels\76072.jpg,1
dataset/fake\poutine\884863.jpg,0
dataset/real\hot_and_sour_soup\66094.jpg,1
dataset/real\poutine\874167.jpg,1
dataset/real\seaweed_salad\620574.jpg,1
dataset/fake\lasagna\733321.jpg,0
dataset/fake\grilled_salmon\922042.jpg,0
dataset/real\tiramisu\524712.jpg,1
dataset/fake\panna_cotta\639078.jpg,0
dataset/fake\frozen_yogurt\614990.jpg,0
dataset/fake\oysters\909669.jpg,0
dataset/fake\hot_and_sour_soup\76637.jpg,0
dataset/real\gyoza\87872.jpg,1
dataset/real\grilled_salmon\925104.jpg,1
dataset/real\hummus\86219.jpg,1
dataset/real\lobster_bisque\782229.jpg,1
dataset/fake\donuts\774254.jpg,0
dataset/real\sushi\96680.jpg,1
dataset/real\pho\982022.jpg,1
dataset/fake\hummus\892687.jpg,0
dataset/fake\spaghetti_bolognese\850714.jpg,0
dataset/fake\bruschetta\3698659.jpg,0
dataset/real\seaweed_salad\98808.jpg,1
dataset/fake\pork_chop\80368.jpg,0
dataset/real\french_onion_soup\755592.jpg,1
dataset/real\grilled_cheese_sandwich\778770.jpg,1
dataset/real\beignets\2163099.jpg,1
dataset/fake\bruschetta\2804634.jpg,0
dataset/fake\fried_rice\67830.jpg,0
dataset/fake\oysters\907314.jpg,0
dataset/fake\tuna_tartare\867082.jpg,0
dataset/fake\clam_chowder\891257.jpg,0
dataset/fake\chocolate_cake\3509196.jpg,0
dataset/fake\red_velvet_cake\62852.jpg,0
dataset/fake\escargots\510162.jpg,0
dataset/fake\caprese_salad\3648473.jpg,0
dataset/fake\red_velvet_cake\77978.jpg,0
dataset/real\beet_salad\1767209.jpg,1
dataset/fake\chicken_quesadilla\2785982.jpg,0
dataset/fake\gyoza\704946.jpg,0
dataset/fake\cannoli\3691447.jpg,0
dataset/real\chicken_wings\1941057.jpg,1
dataset/real\pork_chop\895.jpg,1
dataset/fake\ice_cream\888114.jpg,0
dataset/fake\dumplings\820905.jpg,0
dataset/real\hot_dog\923240.jpg,1
dataset/real\bread_pudding\3134416.jpg,1
dataset/real\spaghetti_bolognese\78546.jpg,1
dataset/real\sushi\99997.jpg,1
dataset/fake\gyoza\714492.jpg,0
dataset/fake\french_onion_soup\760358.jpg,0
dataset/fake\lobster_bisque\819123.jpg,0
dataset/real\french_toast\794602.jpg,1
dataset/real\risotto\681331.jpg,1
dataset/fake\red_velvet_cake\584602.jpg,0
dataset/real\gnocchi\788047.jpg,1
dataset/fake\ice_cream\921876.jpg,0
dataset/real\miso_soup\871622.jpg,1
dataset/fake\chocolate_cake\25331.jpg,0
dataset/real\crab_cakes\914427.jpg,1
dataset/fake\beef_carpaccio\1126471.jpg,0
dataset/real\macarons\869993.jpg,1
dataset/real\baklava\3015422.jpg,1
dataset/real\cheese_plate\3182251.jpg,1
dataset/real\pulled_pork_sandwich\985218.jpg,1
dataset/real\fried_rice\61049.jpg,1
dataset/fake\caprese_salad\1841490.jpg,0
dataset/real\macarons\86070.jpg,1
dataset/fake\macarons\82057.jpg,0
dataset/real\tuna_tartare\99695.jpg,1
dataset/fake\cheese_plate\2922026.jpg,0
dataset/real\pizza\985164.jpg,1
dataset/real\apple_pie\2751755.jpg,1
dataset/fake\cheese_plate\1667697.jpg,0
dataset/real\sushi\894318.jpg,1
dataset/fake\caesar_salad\832298.jpg,0
dataset/fake\prime_rib\99201.jpg,0
dataset/real\bread_pudding\291714.jpg,1
dataset/fake\spaghetti_carbonara\670426.jpg,0
dataset/real\escargots\51543.jpg,1
dataset/fake\pho\58455.jpg,0
dataset/real\seaweed_salad\614972.jpg,1
dataset/fake\nachos\539805.jpg,0
dataset/fake\baklava\447219.jpg,0
dataset/fake\edamame\781627.jpg,0
dataset/real\red_velvet_cake\584602.jpg,1
dataset/real\beef_tartare\1432088.jpg,1
dataset/real\pho\6134.jpg,1
dataset/real\panna_cotta\604223.jpg,1
dataset/real\scallops\67009.jpg,1
dataset/fake\waffles\96181.jpg,0
dataset/real\baklava\442715.jpg,1
dataset/fake\foie_gras\572971.jpg,0
dataset/real\seaweed_salad\91368.jpg,1
dataset/fake\bruschetta\1119741.jpg,0
dataset/real\spaghetti_bolognese\825402.jpg,1
dataset/real\strawberry_shortcake\80669.jpg,1
dataset/real\oysters\909669.jpg,1
dataset/fake\fish_and_chips\305528.jpg,0
dataset/real\fish_and_chips\1727465.jpg,1
dataset/real\cheesecake\935701.jpg,1
dataset/real\sushi\909848.jpg,1
dataset/fake\pulled_pork_sandwich\947027.jpg,0
dataset/fake\cheese_plate\3819306.jpg,0
dataset/real\omelette\757520.jpg,1
dataset/fake\hummus\99597.jpg,0
dataset/real\sashimi\767866.jpg,1
dataset/fake\strawberry_shortcake\62943.jpg,0
dataset/fake\donuts\98500.jpg,0
dataset/real\tacos\857190.jpg,1
dataset/fake\gyoza\727174.jpg,0
dataset/fake\steak\86782.jpg,0
dataset/real\croque_madame\56581.jpg,1
dataset/real\bruschetta\2218786.jpg,1
dataset/real\caesar_salad\2412854.jpg,1
dataset/fake\paella\64919.jpg,0
dataset/real\chocolate_mousse\874806.jpg,1
dataset/real\pizza\83538.jpg,1
dataset/real\spring_rolls\697601.jpg,1
dataset/real\lobster_bisque\788020.jpg,1
dataset/real\pizza\979998.jpg,1
dataset/fake\ice_cream\96935.jpg,0
dataset/real\ice_cream\919447.jpg,1
dataset/fake\ravioli\751621.jpg,0
dataset/real\pad_thai\717642.jpg,1
dataset/fake\churros\98227.jpg,0
dataset/real\creme_brulee\88644.jpg,1
dataset/fake\hamburger\81707.jpg,0
dataset/real\ravioli\788592.jpg,1
dataset/real\pork_chop\99168.jpg,1
dataset/real\donuts\878.jpg,1
dataset/real\huevos_rancheros\94833.jpg,1
dataset/fake\chicken_quesadilla\284069.jpg,0
dataset/real\spaghetti_carbonara\708167.jpg,1
dataset/real\grilled_cheese_sandwich\791080.jpg,1
dataset/fake\miso_soup\874698.jpg,0
dataset/fake\tiramisu\508820.jpg,0
dataset/real\mussels\72798.jpg,1
dataset/real\ceviche\2330568.jpg,1
dataset/real\lasagna\734082.jpg,1
dataset/fake\spring_rolls\95572.jpg,0
dataset/fake\hamburger\81732.jpg,0
dataset/fake\grilled_cheese_sandwich\795142.jpg,0
dataset/real\spaghetti_carbonara\732216.jpg,1
dataset/fake\foie_gras\71461.jpg,0
dataset/real\bruschetta\267619.jpg,1
dataset/fake\breakfast_burrito\3350697.jpg,0
dataset/fake\bread_pudding\325137.jpg,0
dataset/fake\escargots\81395.jpg,0
dataset/real\caprese_salad\2150395.jpg,1
dataset/fake\miso_soup\881247.jpg,0
dataset/fake\french_toast\83655.jpg,0
dataset/real\deviled_eggs\649418.jpg,1
dataset/fake\foie_gras\562249.jpg,0
dataset/real\breakfast_burrito\2615853.jpg,1
dataset/real\deviled_eggs\639067.jpg,1
dataset/real\french_toast\95614.jpg,1
dataset/real\pho\999247.jpg,1
dataset/fake\fish_and_chips\1521651.jpg,0
dataset/real\grilled_cheese_sandwich\782130.jpg,1
dataset/real\beef_carpaccio\3272465.jpg,1
dataset/real\red_velvet_cake\632540.jpg,1
dataset/real\samosa\812692.jpg,1
dataset/real\ramen\82567.jpg,1
dataset/real\edamame\77335.jpg,1
dataset/real\caprese_salad\3901537.jpg,1
dataset/real\escargots\505097.jpg,1
dataset/fake\pulled_pork_sandwich\968646.jpg,0
dataset/fake\crab_cakes\912450.jpg,0
dataset/real\grilled_cheese_sandwich\81012.jpg,1
dataset/real\edamame\76528.jpg,1
dataset/fake\pancakes\77929.jpg,0
dataset/fake\cheese_plate\3651355.jpg,0
dataset/real\beef_tartare\2483482.jpg,1
dataset/fake\baby_back_ribs\2561928.jpg,0
dataset/fake\lobster_roll_sandwich\97570.jpg,0
dataset/real\french_toast\783372.jpg,1
dataset/real\chocolate_cake\639222.jpg,1
dataset/real\chicken_wings\1968726.jpg,1
dataset/fake\bibimbap\2409411.jpg,0
dataset/real\lasagna\824678.jpg,1
dataset/real\caprese_salad\2939968.jpg,1
dataset/real\french_onion_soup\7746.jpg,1
dataset/real\cheese_plate\1353209.jpg,1
dataset/real\chicken_quesadilla\847485.jpg,1
dataset/real\poutine\864430.jpg,1
dataset/fake\hot_dog\93133.jpg,0
dataset/real\frozen_yogurt\82959.jpg,1
dataset/real\escargots\521425.jpg,1
dataset/real\greek_salad\943299.jpg,1
dataset/fake\cup_cakes\74736.jpg,0
dataset/real\pizza\77677.jpg,1
dataset/real\beef_tartare\1037894.jpg,1
dataset/real\ramen\94432.jpg,1
dataset/fake\dumplings\829678.jpg,0
dataset/real\tuna_tartare\814761.jpg,1
dataset/real\croque_madame\979414.jpg,1
dataset/fake\chicken_quesadilla\3876388.jpg,0
dataset/fake\foie_gras\69329.jpg,0
dataset/real\french_toast\790939.jpg,1
dataset/fake\oysters\93643.jpg,0
dataset/fake\hamburger\724367.jpg,0
dataset/real\poutine\875226.jpg,1
dataset/real\beet_salad\565113.jpg,1
dataset/real\greek_salad\99676.jpg,1
dataset/fake\miso_soup\846723.jpg,0
dataset/real\fish_and_chips\3860849.jpg,1
dataset/real\chicken_curry\2248177.jpg,1
dataset/real\samosa\800516.jpg,1
dataset/fake\hot_dog\917699.jpg,0
dataset/real\dumplings\829678.jpg,1
dataset/fake\pho\5968.jpg,0
dataset/real\lasagna\816974.jpg,1
dataset/real\cheesecake\970606.jpg,1
dataset/fake\club_sandwich\859861.jpg,0
dataset/fake\oysters\899213.jpg,0
dataset/fake\hamburger\97917.jpg,0
dataset/real\filet_mignon\867732.jpg,1
dataset/fake\red_velvet_cake\94192.jpg,0
dataset/fake\ceviche\715178.jpg,0
dataset/real\hummus\892687.jpg,1
dataset/real\pork_chop\64079.jpg,1
dataset/fake\tacos\874446.jpg,0
dataset/fake\filet_mignon\873596.jpg,0
dataset/fake\takoyaki\660600.jpg,0
dataset/fake\tiramisu\522617.jpg,0
dataset/real\tuna_tartare\867082.jpg,1
dataset/real\beef_tartare\3234325.jpg,1
dataset/real\miso_soup\874075.jpg,1
dataset/fake\cheese_plate\3182251.jpg,0
dataset/real\seaweed_salad\89430.jpg,1
dataset/fake\cup_cakes\80500.jpg,0
dataset/fake\chocolate_mousse\930454.jpg,0
dataset/real\spring_rolls\81332.jpg,1
dataset/fake\donuts\771276.jpg,0
dataset/fake\ceviche\2561427.jpg,0
dataset/fake\lobster_roll_sandwich\8893.jpg,0
dataset/fake\spaghetti_bolognese\808357.jpg,0
dataset/real\oysters\911487.jpg,1
dataset/real\chicken_quesadilla\2132661.jpg,1
dataset/real\caprese_salad\2089982.jpg,1
dataset/real\beef_tartare\2077882.jpg,1
dataset/fake\eggs_benedict\7177.jpg,0
dataset/fake\chocolate_mousse\97831.jpg,0
dataset/fake\chocolate_mousse\925530.jpg,0
dataset/real\tacos\874556.jpg,1
dataset/fake\tuna_tartare\867394.jpg,0
dataset/real\spring_rolls\684015.jpg,1
dataset/fake\chicken_wings\2219543.jpg,0
dataset/fake\prime_rib\96213.jpg,0
dataset/real\risotto\75011.jpg,1
dataset/fake\cup_cakes\72335.jpg,0
dataset/fake\apple_pie\3708762.jpg,0
dataset/fake\beignets\299009.jpg,0
dataset/real\pho\58456.jpg,1
dataset/real\nachos\93041.jpg,1
dataset/fake\ramen\80967.jpg,0
dataset/fake\pho\65130.jpg,0
dataset/fake\donuts\93779.jpg,0
dataset/fake\hamburger\91789.jpg,0
dataset/real\baklava\3222525.jpg,1
dataset/fake\grilled_salmon\905729.jpg,0
dataset/fake\caprese_salad\3851238.jpg,0
dataset/fake\garlic_bread\801612.jpg,0
dataset/fake\spaghetti_carbonara\697391.jpg,0
dataset/real\lobster_bisque\813441.jpg,1
dataset/fake\chicken_wings\1618960.jpg,0
dataset/real\fried_calamari\8886.jpg,1
dataset/fake\shrimp_and_grits\933996.jpg,0
dataset/fake\baklava\2137008.jpg,0
dataset/real\chicken_wings\2054901.jpg,1
dataset/real\caprese_salad\55596.jpg,1
dataset/fake\baby_back_ribs\1862790.jpg,0
dataset/fake\donuts\781145.jpg,0
dataset/real\gnocchi\759897.jpg,1
dataset/real\garlic_bread\95606.jpg,1
dataset/real\waffles\757194.jpg,1
dataset/real\oysters\885112.jpg,1
dataset/real\risotto\75664.jpg,1
dataset/fake\lobster_roll_sandwich\85201.jpg,0
dataset/real\pancakes\92527.jpg,1
dataset/real\lasagna\774730.jpg,1
dataset/real\caesar_salad\301116.jpg,1
dataset/fake\ice_cream\880755.jpg,0
dataset/real\hamburger\83196.jpg,1
dataset/fake\dumplings\822773.jpg,0
dataset/real\bread_pudding\343133.jpg,1
dataset/fake\baklava\3222525.jpg,0
dataset/real\lobster_bisque\881198.jpg,1
dataset/real\grilled_cheese_sandwich\767715.jpg,1
dataset/real\garlic_bread\858429.jpg,1
dataset/fake\donuts\778567.jpg,0
dataset/real\beef_tartare\3587417.jpg,1
dataset/fake\creme_brulee\929976.jpg,0
dataset/fake\filet_mignon\859107.jpg,0
dataset/real\breakfast_burrito\553591.jpg,1
dataset/real\mussels\6840.jpg,1
dataset/real\chocolate_mousse\99366.jpg,1
dataset/real\deviled_eggs\662604.jpg,1
dataset/real\red_velvet_cake\74024.jpg,1
dataset/fake\bread_pudding\1944934.jpg,0
dataset/fake\seaweed_salad\85409.jpg,0
dataset/real\churros\910727.jpg,1
dataset/real\caesar_salad\3653070.jpg,1
dataset/fake\dumplings\856176.jpg,0
dataset/fake\onion_rings\86863.jpg,0
dataset/fake\tiramisu\521895.jpg,0
dataset/real\grilled_salmon\930889.jpg,1
dataset/real\hamburger\72266.jpg,1
dataset/fake\breakfast_burrito\2257546.jpg,0
dataset/real\prime_rib\99201.jpg,1
dataset/real\waffles\734861.jpg,1
dataset/real\cheesecake\629317.jpg,1
dataset/fake\fish_and_chips\1727465.jpg,0
dataset/fake\pork_chop\642275.jpg,0
dataset/real\prime_rib\98675.jpg,1
dataset/real\baklava\3038844.jpg,1
dataset/real\fish_and_chips\2805153.jpg,1
dataset/fake\bruschetta\3665558.jpg,0
dataset/real\nachos\81821.jpg,1
dataset/fake\beignets\2472356.jpg,0
dataset/fake\panna_cotta\620825.jpg,0
dataset/fake\nachos\90700.jpg,0
dataset/fake\greek_salad\83665.jpg,0
dataset/real\cannoli\2057635.jpg,1
dataset/real\tuna_tartare\92525.jpg,1
dataset/fake\hamburger\73783.jpg,0
dataset/fake\ravioli\819595.jpg,0
dataset/real\shrimp_and_grits\975393.jpg,1
dataset/fake\waffles\97015.jpg,0
dataset/fake\hummus\861994.jpg,0
dataset/real\mussels\72165.jpg,1
dataset/real\apple_pie\2819375.jpg,1
dataset/real\red_velvet_cake\66489.jpg,1
dataset/fake\deviled_eggs\89206.jpg,0
dataset/fake\lobster_roll_sandwich\843536.jpg,0
dataset/fake\greek_salad\943299.jpg,0
dataset/real\pho\58153.jpg,1
dataset/real\chicken_curry\316155.jpg,1
dataset/fake\paella\80724.jpg,0
dataset/real\apple_pie\1946376.jpg,1
dataset/fake\carrot_cake\1623924.jpg,0
dataset/real\spaghetti_bolognese\850480.jpg,1
dataset/real\steak\640024.jpg,1
dataset/real\beef_carpaccio\2605475.jpg,1
dataset/real\panna_cotta\620825.jpg,1
dataset/real\pulled_pork_sandwich\956304.jpg,1
dataset/real\pad_thai\74547.jpg,1
dataset/real\ice_cream\904498.jpg,1
dataset/real\bruschetta\1169212.jpg,1
dataset/fake\bread_pudding\3699273.jpg,0
dataset/real\strawberry_shortcake\976997.jpg,1
dataset/real\shrimp_and_grits\932399.jpg,1
dataset/fake\steak\637374.jpg,0
dataset/fake\macaroni_and_cheese\78333.jpg,0
dataset/real\pulled_pork_sandwich\967078.jpg,1
dataset/real\filet_mignon\859107.jpg,1
dataset/fake\shrimp_and_grits\917823.jpg,0
dataset/fake\chicken_curry\1615877.jpg,0
dataset/real\beef_carpaccio\1126471.jpg,1
dataset/fake\donuts\759973.jpg,0
dataset/fake\seaweed_salad\86499.jpg,0
dataset/real\bibimbap\2499871.jpg,1
dataset/real\lobster_bisque\813991.jpg,1
dataset/real\chicken_curry\1615877.jpg,1
dataset/fake\club_sandwich\864823.jpg,0
dataset/fake\grilled_cheese_sandwich\783187.jpg,0
dataset/fake\guacamole\872429.jpg,0
dataset/fake\red_velvet_cake\628076.jpg,0
dataset/real\takoyaki\660040.jpg,1
dataset/fake\mussels\67522.jpg,0
dataset/fake\eggs_benedict\9853.jpg,0
dataset/real\ceviche\1598359.jpg,1
dataset/real\cheese_plate\3849851.jpg,1
dataset/real\cup_cakes\74736.jpg,1
dataset/real\escargots\510162.jpg,1
dataset/real\creme_brulee\935865.jpg,1
dataset/real\breakfast_burrito\537375.jpg,1
dataset/fake\spring_rolls\700881.jpg,0
dataset/real\macarons\839307.jpg,1
dataset/fake\pulled_pork_sandwich\972710.jpg,0
dataset/fake\fish_and_chips\559350.jpg,0
dataset/real\donuts\93779.jpg,1
dataset/fake\club_sandwich\885166.jpg,0
dataset/real\miso_soup\860267.jpg,1
dataset/fake\spaghetti_carbonara\715901.jpg,0
dataset/real\hamburger\81732.jpg,1
dataset/real\beef_tartare\637873.jpg,1
dataset/fake\paella\6991.jpg,0
dataset/real\mussels\88986.jpg,1
dataset/real\sashimi\87381.jpg,1
dataset/fake\bread_pudding\1420072.jpg,0
dataset/real\hot_dog\91857.jpg,1
dataset/real\pulled_pork_sandwich\969783.jpg,1
dataset/fake\cup_cakes\91387.jpg,0
dataset/fake\spaghetti_bolognese\862263.jpg,0
dataset/fake\greek_salad\997715.jpg,0
dataset/fake\fried_rice\61401.jpg,0
dataset/real\red_velvet_cake\628076.jpg,1
dataset/real\hot_and_sour_soup\75477.jpg,1
dataset/fake\pad_thai\73180.jpg,0
dataset/real\edamame\759609.jpg,1
dataset/fake\takoyaki\692871.jpg,0
dataset/fake\falafel\995977.jpg,0
dataset/fake\scallops\700061.jpg,0
dataset/fake\chicken_wings\1607017.jpg,0
dataset/real\churros\927440.jpg,1
dataset/fake\steak\647683.jpg,0
dataset/fake\baklava\441109.jpg,0
dataset/fake\panna_cotta\598270.jpg,0
dataset/real\ramen\99899.jpg,1
dataset/fake\ramen\85641.jpg,0
dataset/real\panna_cotta\93781.jpg,1
dataset/real\breakfast_burrito\3350697.jpg,1
dataset/fake\cup_cakes\71410.jpg,0
dataset/real\tuna_tartare\790812.jpg,1
dataset/real\foie_gras\574338.jpg,1
dataset/real\poutine\892377.jpg,1
dataset/real\eggs_benedict\7718.jpg,1
dataset/real\beef_carpaccio\1738745.jpg,1
dataset/real\prime_rib\815266.jpg,1
dataset/fake\grilled_salmon\97342.jpg,0
dataset/fake\waffles\88648.jpg,0
dataset/fake\lobster_bisque\782229.jpg,0
dataset/real\eggs_benedict\997623.jpg,1
dataset/real\onion_rings\74527.jpg,1
dataset/fake\lasagna\797538.jpg,0
dataset/real\donuts\778567.jpg,1
dataset/fake\fried_rice\518453.jpg,0
dataset/real\paella\575389.jpg,1
dataset/fake\tiramisu\96202.jpg,0
dataset/fake\chocolate_mousse\90898.jpg,0
dataset/fake\nachos\99050.jpg,0
dataset/fake\pork_chop\85404.jpg,0
dataset/real\spaghetti_carbonara\677279.jpg,1
dataset/fake\strawberry_shortcake\98608.jpg,0
dataset/fake\fried_rice\61049.jpg,0
dataset/fake\creme_brulee\901303.jpg,0
dataset/real\pad_thai\728274.jpg,1
dataset/fake\escargots\505097.jpg,0
dataset/fake\macarons\886478.jpg,0
dataset/real\prime_rib\858121.jpg,1
dataset/fake\baby_back_ribs\2710948.jpg,0
dataset/real\churros\863367.jpg,1
dataset/real\macaroni_and_cheese\78333.jpg,1
dataset/real\greek_salad\979057.jpg,1
dataset/fake\sashimi\75250.jpg,0
dataset/real\breakfast_burrito\1350344.jpg,1
dataset/real\crab_cakes\944840.jpg,1
dataset/fake\lobster_roll_sandwich\90373.jpg,0
dataset/fake\waffles\750964.jpg,0
dataset/fake\french_toast\831641.jpg,0
dataset/real\sushi\888125.jpg,1
dataset/fake\omelette\79767.jpg,0
dataset/fake\chicken_curry\505405.jpg,0
dataset/real\edamame\77830.jpg,1
dataset/fake\baklava\1951482.jpg,0
dataset/fake\tuna_tartare\804184.jpg,0
dataset/fake\cheese_plate\1323702.jpg,0
dataset/real\huevos_rancheros\898352.jpg,1
dataset/fake\bibimbap\3096950.jpg,0
dataset/real\french_fries\828160.jpg,1
dataset/fake\peking_duck\72036.jpg,0
dataset/real\ceviche\2842379.jpg,1
dataset/fake\greek_salad\71979.jpg,0
dataset/fake\mussels\6840.jpg,0
dataset/fake\french_toast\822924.jpg,0
dataset/real\dumplings\90206.jpg,1
dataset/real\gyoza\74395.jpg,1
dataset/real\pork_chop\642275.jpg,1
dataset/fake\sashimi\767866.jpg,0
dataset/fake\waffles\762877.jpg,0
dataset/fake\bread_pudding\2122791.jpg,0
dataset/fake\pizza\985164.jpg,0
dataset/fake\bibimbap\3282476.jpg,0
dataset/fake\pancakes\9949.jpg,0
dataset/real\waffles\78000.jpg,1
dataset/fake\grilled_salmon\952864.jpg,0
dataset/real\beet_salad\3132380.jpg,1
dataset/real\clam_chowder\894778.jpg,1
dataset/fake\french_fries\820107.jpg,0
dataset/real\pork_chop\646761.jpg,1
dataset/real\frozen_yogurt\76788.jpg,1
dataset/real\strawberry_shortcake\99706.jpg,1
dataset/fake\clam_chowder\907742.jpg,0
dataset/fake\miso_soup\854424.jpg,0
dataset/fake\gyoza\747928.jpg,0
dataset/fake\bibimbap\1007274.jpg,0
dataset/fake\chicken_curry\1513968.jpg,0
dataset/real\pho\62482.jpg,1
dataset/real\bread_pudding\684945.jpg,1
dataset/fake\shrimp_and_grits\916436.jpg,0
dataset/fake\gnocchi\780369.jpg,0
dataset/fake\bread_pudding\3476894.jpg,0
dataset/real\steak\86782.jpg,1
dataset/fake\hummus\97624.jpg,0
dataset/real\ice_cream\885709.jpg,1
dataset/fake\mussels\72087.jpg,0
dataset/fake\cup_cakes\8898.jpg,0
dataset/real\takoyaki\669605.jpg,1
dataset/real\panna_cotta\622093.jpg,1
dataset/real\bread_pudding\1944934.jpg,1
dataset/fake\french_fries\806895.jpg,0
dataset/fake\filet_mignon\97768.jpg,0
dataset/fake\croque_madame\78825.jpg,0
dataset/fake\beignets\1869263.jpg,0
dataset/real\steak\75537.jpg,1
dataset/fake\lobster_bisque\880360.jpg,0
dataset/real\chocolate_mousse\869174.jpg,1
dataset/real\ceviche\3396168.jpg,1
dataset/real\carrot_cake\335943.jpg,1
dataset/real\deviled_eggs\83675.jpg,1
dataset/real\prime_rib\821163.jpg,1
dataset/real\dumplings\92182.jpg,1
dataset/real\guacamole\8991.jpg,1
dataset/fake\beet_salad\2705890.jpg,0
dataset/real\bruschetta\919487.jpg,1
dataset/fake\lasagna\741547.jpg,0
dataset/real\macarons\813910.jpg,1
dataset/fake\caesar_salad\2050496.jpg,0
dataset/fake\chocolate_cake\106203.jpg,0
dataset/fake\escargots\521425.jpg,0
dataset/fake\cheese_plate\1353209.jpg,0
dataset/fake\greek_salad\995575.jpg,0
dataset/fake\frozen_yogurt\82959.jpg,0
dataset/fake\garlic_bread\832999.jpg,0
dataset/real\miso_soup\837361.jpg,1
dataset/fake\miso_soup\841249.jpg,0
dataset/fake\caesar_salad\3289797.jpg,0
dataset/fake\onion_rings\743949.jpg,0
dataset/real\chocolate_mousse\874420.jpg,1
dataset/fake\croque_madame\986297.jpg,0
dataset/fake\hamburger\85915.jpg,0
dataset/fake\grilled_salmon\905854.jpg,0
dataset/fake\steak\91432.jpg,0
dataset/fake\huevos_rancheros\920489.jpg,0
dataset/fake\steak\80215.jpg,0
dataset/real\omelette\84313.jpg,1
dataset/fake\risotto\75011.jpg,0
dataset/fake\fish_and_chips\2849652.jpg,0
dataset/fake\tacos\83935.jpg,0
dataset/real\falafel\6768.jpg,1
dataset/real\crab_cakes\912450.jpg,1
dataset/fake\cannoli\1418734.jpg,0
dataset/fake\hummus\90847.jpg,0
dataset/real\lobster_roll_sandwich\8893.jpg,1
dataset/real\lasagna\88459.jpg,1
dataset/real\gyoza\711836.jpg,1
dataset/fake\onion_rings\87362.jpg,0
dataset/real\samosa\82163.jpg,1
dataset/fake\ramen\73207.jpg,0
dataset/real\apple_pie\3508043.jpg,1
dataset/real\pizza\59445.jpg,1
dataset/real\spaghetti_bolognese\850714.jpg,1
dataset/real\spring_rolls\688323.jpg,1
dataset/fake\baklava\2435600.jpg,0
dataset/fake\breakfast_burrito\3289639.jpg,0
dataset/real\french_onion_soup\730494.jpg,1
dataset/real\cheesecake\1751518.jpg,1
dataset/real\ravioli\793377.jpg,1
dataset/real\guacamole\862550.jpg,1
dataset/real\escargots\641.jpg,1
dataset/real\poutine\921426.jpg,1
dataset/fake\pork_chop\653797.jpg,0
dataset/real\ceviche\2443052.jpg,1
dataset/fake\paella\593982.jpg,0
dataset/fake\beignets\1040454.jpg,0
dataset/fake\chocolate_cake\2493285.jpg,0
dataset/real\beignets\2979521.jpg,1
dataset/fake\lasagna\774730.jpg,0
dataset/real\hot_dog\92613.jpg,1
dataset/fake\cheese_plate\3849851.jpg,0
dataset/fake\tacos\8350.jpg,0
dataset/fake\chicken_wings\225318.jpg,0
dataset/fake\cheesecake\970606.jpg,0
dataset/fake\baby_back_ribs\41235.jpg,0
dataset/fake\omelette\757520.jpg,0
dataset/real\tiramisu\442915.jpg,1
dataset/real\beignets\1416495.jpg,1
dataset/fake\fried_calamari\64144.jpg,0
dataset/fake\falafel\978302.jpg,0
dataset/real\prime_rib\859424.jpg,1
dataset/fake\deviled_eggs\9836.jpg,0
dataset/fake\baby_back_ribs\2687000.jpg,0
dataset/fake\macarons\886805.jpg,0
dataset/fake\spring_rolls\688323.jpg,0
dataset/real\pad_thai\756331.jpg,1
dataset/real\steak\66183.jpg,1
dataset/fake\risotto\97535.jpg,0
dataset/real\hamburger\97917.jpg,1
dataset/real\foie_gras\98353.jpg,1
dataset/fake\apple_pie\678482.jpg,0
dataset/fake\gyoza\7113.jpg,0
dataset/fake\poutine\850813.jpg,0
dataset/real\miso_soup\851129.jpg,1
dataset/fake\lobster_roll_sandwich\86817.jpg,0
dataset/fake\croque_madame\83261.jpg,0
dataset/fake\caprese_salad\2821697.jpg,0
dataset/real\carrot_cake\2280491.jpg,1
dataset/real\chicken_quesadilla\2367805.jpg,1
dataset/fake\apple_pie\910097.jpg,0
dataset/real\onion_rings\746144.jpg,1
dataset/real\cup_cakes\72335.jpg,1
dataset/fake\spring_rolls\85452.jpg,0
dataset/real\pancakes\84956.jpg,1
dataset/real\ramen\675302.jpg,1
dataset/fake\oysters\926262.jpg,0
dataset/fake\french_onion_soup\699260.jpg,0
dataset/real\apple_pie\695587.jpg,1
dataset/fake\hot_dog\98754.jpg,0
dataset/real\hot_dog\938937.jpg,1
dataset/fake\poutine\869931.jpg,0
dataset/fake\strawberry_shortcake\6436.jpg,0
dataset/fake\pork_chop\92752.jpg,0
dataset/real\chocolate_cake\2357108.jpg,1
dataset/real\dumplings\834049.jpg,1
dataset/real\pork_chop\644795.jpg,1
dataset/real\frozen_yogurt\69915.jpg,1
dataset/fake\scallops\686766.jpg,0
dataset/real\churros\875514.jpg,1
dataset/fake\hot_and_sour_soup\661084.jpg,0
dataset/real\falafel\995977.jpg,1
dataset/real\beef_tartare\3001672.jpg,1
dataset/real\hot_dog\91869.jpg,1
dataset/fake\poutine\860886.jpg,0
dataset/fake\cheesecake\929004.jpg,0
dataset/real\crab_cakes\936683.jpg,1
dataset/real\seaweed_salad\78084.jpg,1
dataset/fake\lasagna\824678.jpg,0
dataset/fake\tiramisu\514938.jpg,0
dataset/real\french_onion_soup\95602.jpg,1
dataset/fake\macarons\846139.jpg,0
dataset/fake\french_toast\782712.jpg,0
dataset/real\shrimp_and_grits\917823.jpg,1
dataset/real\chocolate_cake\2029248.jpg,1
dataset/real\pizza\979955.jpg,1
dataset/real\baklava\1951482.jpg,1
dataset/real\french_onion_soup\759629.jpg,1
dataset/real\foie_gras\566380.jpg,1
dataset/fake\filet_mignon\872673.jpg,0
dataset/real\cup_cakes\96277.jpg,1
dataset/fake\chocolate_cake\3793884.jpg,0
dataset/real\ceviche\356177.jpg,1
dataset/fake\edamame\784656.jpg,0
dataset/fake\edamame\93014.jpg,0
dataset/fake\chicken_wings\1491184.jpg,0
dataset/fake\onion_rings\726720.jpg,0
dataset/real\club_sandwich\885166.jpg,1
dataset/fake\churros\904536.jpg,0
dataset/fake\bibimbap\2994086.jpg,0
dataset/fake\apple_pie\2101662.jpg,0
dataset/fake\prime_rib\99934.jpg,0
dataset/fake\tuna_tartare\783821.jpg,0
dataset/fake\filet_mignon\9372.jpg,0
dataset/fake\tuna_tartare\99695.jpg,0
dataset/fake\pulled_pork_sandwich\992038.jpg,0
dataset/real\garlic_bread\853246.jpg,1
dataset/fake\chocolate_cake\2103047.jpg,0
dataset/real\pho\990037.jpg,1
dataset/real\chocolate_mousse\896003.jpg,1
dataset/real\eggs_benedict\7571.jpg,1
dataset/fake\club_sandwich\866644.jpg,0
dataset/real\hummus\98985.jpg,1
dataset/real\waffles\743722.jpg,1
dataset/fake\lasagna\800629.jpg,0
dataset/fake\chicken_wings\1165970.jpg,0
dataset/real\pancakes\92441.jpg,1
dataset/real\spaghetti_carbonara\715901.jpg,1
dataset/fake\pizza\979998.jpg,0
dataset/fake\takoyaki\90139.jpg,0
dataset/real\ceviche\2985429.jpg,1
dataset/fake\pho\6134.jpg,0
dataset/fake\beef_tartare\3168312.jpg,0
dataset/real\pho\70638.jpg,1
dataset/real\beef_tartare\3492636.jpg,1
dataset/real\cheese_plate\688432.jpg,1
dataset/real\clam_chowder\91980.jpg,1
dataset/real\chicken_wings\44776.jpg,1
dataset/real\spring_rolls\91708.jpg,1
dataset/real\paella\582929.jpg,1
dataset/real\cup_cakes\91203.jpg,1
dataset/real\chicken_quesadilla\1367589.jpg,1
dataset/fake\french_fries\93653.jpg,0
dataset/real\shrimp_and_grits\912335.jpg,1
dataset/real\bibimbap\930571.jpg,1
dataset/fake\garlic_bread\790248.jpg,0
dataset/real\fried_rice\69248.jpg,1
dataset/real\guacamole\902637.jpg,1
dataset/real\hamburger\73783.jpg,1
dataset/fake\club_sandwich\887877.jpg,0
dataset/real\risotto\78212.jpg,1
dataset/fake\falafel\947221.jpg,0
dataset/real\cup_cakes\79466.jpg,1
dataset/fake\frozen_yogurt\77987.jpg,0
dataset/real\macaroni_and_cheese\97474.jpg,1
dataset/fake\ravioli\788795.jpg,0
dataset/fake\omelette\823932.jpg,0
dataset/fake\bibimbap\2626221.jpg,0
dataset/real\croque_madame\56038.jpg,1
dataset/real\nachos\549619.jpg,1
dataset/fake\chocolate_cake\293607.jpg,0
dataset/fake\beef_tartare\637873.jpg,0
dataset/real\hamburger\724367.jpg,1
dataset/real\eggs_benedict\975493.jpg,1
dataset/real\bread_pudding\2575335.jpg,1
dataset/real\pho\981313.jpg,1
dataset/fake\cannoli\1729486.jpg,0
dataset/real\risotto\86605.jpg,1
dataset/real\sashimi\787756.jpg,1
dataset/fake\scallops\647664.jpg,0
dataset/fake\creme_brulee\905471.jpg,0
dataset/real\frozen_yogurt\90338.jpg,1
dataset/fake\french_toast\794602.jpg,0
dataset/real\macaroni_and_cheese\663594.jpg,1
dataset/real\bruschetta\719733.jpg,1
dataset/fake\lasagna\758258.jpg,0
dataset/fake\oysters\99832.jpg,0
dataset/fake\churros\909570.jpg,0
dataset/real\fried_rice\55344.jpg,1
dataset/real\panna_cotta\603878.jpg,1
dataset/real\croque_madame\994827.jpg,1
dataset/real\bread_pudding\1251722.jpg,1
dataset/fake\guacamole\849244.jpg,0
dataset/fake\spaghetti_bolognese\807657.jpg,0
dataset/real\samosa\816846.jpg,1
dataset/fake\churros\97416.jpg,0
dataset/real\lobster_bisque\808064.jpg,1
dataset/fake\cup_cakes\79466.jpg,0
dataset/fake\cheesecake\164855.jpg,0
dataset/fake\fish_and_chips\958644.jpg,0
dataset/real\huevos_rancheros\95293.jpg,1
dataset/real\scallops\659150.jpg,1
dataset/real\breakfast_burrito\3259142.jpg,1
dataset/real\spaghetti_carbonara\80001.jpg,1
dataset/fake\peking_duck\563461.jpg,0
dataset/fake\foie_gras\570930.jpg,0
dataset/fake\beet_salad\1395142.jpg,0
dataset/real\sushi\89467.jpg,1
dataset/real\caprese_salad\2821697.jpg,1
dataset/fake\oysters\98313.jpg,0
dataset/fake\beef_carpaccio\2503017.jpg,0
dataset/fake\ravioli\788592.jpg,0
dataset/real\poutine\852737.jpg,1
dataset/fake\ceviche\356177.jpg,0
dataset/real\chocolate_mousse\925530.jpg,1
dataset/real\onion_rings\77500.jpg,1
dataset/real\beef_carpaccio\1462959.jpg,1
dataset/fake\pork_chop\71669.jpg,0
dataset/real\lasagna\797538.jpg,1
dataset/fake\pizza\98607.jpg,0
dataset/fake\takoyaki\669572.jpg,0
dataset/fake\lobster_bisque\808064.jpg,0
dataset/real\pizza\82772.jpg,1
dataset/real\cheese_plate\3091366.jpg,1
dataset/fake\huevos_rancheros\897916.jpg,0
dataset/real\pancakes\73265.jpg,1
dataset/fake\french_toast\99857.jpg,0
dataset/real\french_onion_soup\776311.jpg,1
dataset/fake\nachos\83227.jpg,0
dataset/real\panna_cotta\78936.jpg,1
dataset/fake\omelette\92386.jpg,0
dataset/real\samosa\8443.jpg,1
dataset/fake\fish_and_chips\3860849.jpg,0
dataset/fake\gnocchi\782613.jpg,0
dataset/real\deviled_eggs\604308.jpg,1
dataset/real\ice_cream\921876.jpg,1
dataset/fake\hot_and_sour_soup\66094.jpg,0
dataset/real\poutine\853999.jpg,1
dataset/real\lobster_bisque\862708.jpg,1
dataset/fake\filet_mignon\99239.jpg,0
dataset/real\churros\934551.jpg,1
dataset/real\spaghetti_carbonara\689867.jpg,1
dataset/fake\escargots\88503.jpg,0
dataset/real\red_velvet_cake\59503.jpg,1
dataset/fake\spring_rolls\699548.jpg,0
dataset/fake\bread_pudding\343133.jpg,0
dataset/real\french_toast\821391.jpg,1
dataset/fake\ceviche\2443052.jpg,0
dataset/real\foie_gras\562249.jpg,1
dataset/fake\falafel\950261.jpg,0
dataset/real\pizza\93961.jpg,1
dataset/fake\fish_and_chips\964750.jpg,0
dataset/real\huevos_rancheros\939505.jpg,1
dataset/real\steak\7056.jpg,1
dataset/fake\huevos_rancheros\95203.jpg,0
dataset/real\mussels\600210.jpg,1
dataset/fake\spaghetti_carbonara\717788.jpg,0
dataset/real\takoyaki\682236.jpg,1
dataset/fake\garlic_bread\804151.jpg,0
dataset/fake\baklava\1117620.jpg,0
dataset/fake\hummus\872615.jpg,0
dataset/real\waffles\98131.jpg,1
dataset/fake\bruschetta\1169212.jpg,0
dataset/fake\french_fries\85375.jpg,0
dataset/real\pancakes\90596.jpg,1
dataset/real\samosa\833085.jpg,1
dataset/fake\grilled_salmon\937466.jpg,0
dataset/fake\pulled_pork_sandwich\936291.jpg,0
dataset/fake\donuts\94874.jpg,0
dataset/real\beef_tartare\1914856.jpg,1
dataset/fake\french_onion_soup\718633.jpg,0
dataset/fake\creme_brulee\895254.jpg,0
dataset/real\sushi\96293.jpg,1
dataset/fake\scallops\661653.jpg,0
dataset/fake\donuts\91590.jpg,0
dataset/fake\churros\934551.jpg,0
dataset/fake\mussels\72798.jpg,0
dataset/real\tiramisu\450920.jpg,1
dataset/fake\fried_rice\64014.jpg,0
dataset/real\clam_chowder\872887.jpg,1
dataset/fake\hamburger\76817.jpg,0
dataset/fake\samosa\787023.jpg,0
dataset/fake\breakfast_burrito\470219.jpg,0
dataset/fake\clam_chowder\917836.jpg,0
dataset/fake\chocolate_cake\2357108.jpg,0
dataset/fake\bibimbap\3570513.jpg,0
dataset/real\macarons\88207.jpg,1
dataset/real\lasagna\806245.jpg,1
dataset/fake\macaroni_and_cheese\697364.jpg,0
dataset/real\beet_salad\3848398.jpg,1
dataset/fake\lobster_bisque\874734.jpg,0
dataset/fake\hot_dog\920993.jpg,0
dataset/fake\pork_chop\94984.jpg,0
dataset/real\baby_back_ribs\1986342.jpg,1
dataset/fake\escargots\996455.jpg,0
dataset/fake\macaroni_and_cheese\663594.jpg,0
dataset/real\fish_and_chips\2716580.jpg,1
dataset/real\miso_soup\881247.jpg,1
dataset/fake\beignets\3545553.jpg,0
dataset/real\nachos\99076.jpg,1
dataset/real\garlic_bread\806692.jpg,1
dataset/real\foie_gras\562850.jpg,1
dataset/real\falafel\964477.jpg,1
dataset/fake\waffles\98238.jpg,0
dataset/fake\sashimi\790172.jpg,0
dataset/real\baklava\1561875.jpg,1
dataset/fake\grilled_cheese_sandwich\778717.jpg,0
dataset/fake\eggs_benedict\47464.jpg,0
dataset/real\pulled_pork_sandwich\71210.jpg,1
dataset/real\omelette\8093.jpg,1
dataset/fake\lasagna\794302.jpg,0
dataset/real\pancakes\9949.jpg,1
dataset/real\huevos_rancheros\918605.jpg,1
dataset/fake\foie_gras\70665.jpg,0
dataset/real\eggs_benedict\98373.jpg,1
dataset/fake\beef_carpaccio\2391246.jpg,0
dataset/fake\frozen_yogurt\97182.jpg,0
dataset/fake\omelette\7577.jpg,0
dataset/real\dumplings\92550.jpg,1
dataset/fake\fried_calamari\629497.jpg,0
dataset/real\seaweed_salad\85627.jpg,1
dataset/fake\chocolate_cake\3823823.jpg,0
dataset/real\gnocchi\91507.jpg,1
dataset/real\lobster_bisque\873360.jpg,1
dataset/real\huevos_rancheros\917566.jpg,1
dataset/fake\pork_chop\644805.jpg,0
dataset/fake\grilled_cheese_sandwich\97834.jpg,0
dataset/fake\hamburger\72266.jpg,0
dataset/fake\cheese_plate\2530417.jpg,0
dataset/real\edamame\747734.jpg,1
dataset/real\donuts\781145.jpg,1
dataset/real\hot_and_sour_soup\76637.jpg,1
dataset/fake\beef_tartare\3049033.jpg,0
dataset/real\cheese_plate\3250385.jpg,1
dataset/fake\nachos\544149.jpg,0
dataset/fake\red_velvet_cake\62322.jpg,0
dataset/fake\tacos\853830.jpg,0
dataset/fake\chicken_curry\2641642.jpg,0
dataset/fake\greek_salad\68852.jpg,0
dataset/fake\chicken_wings\44776.jpg,0
dataset/real\pancakes\77929.jpg,1
dataset/fake\beet_salad\1380319.jpg,0
dataset/real\garlic_bread\88681.jpg,1
dataset/real\french_onion_soup\737247.jpg,1
dataset/real\samosa\782208.jpg,1
dataset/fake\seaweed_salad\607168.jpg,0
dataset/fake\baby_back_ribs\3705644.jpg,0
dataset/fake\garlic_bread\858429.jpg,0
dataset/fake\clam_chowder\906900.jpg,0
dataset/real\hummus\871803.jpg,1
dataset/real\samosa\798802.jpg,1
dataset/fake\pork_chop\74543.jpg,0
dataset/fake\ramen\82567.jpg,0
dataset/fake\edamame\77830.jpg,0
dataset/real\lasagna\769760.jpg,1
dataset/fake\tiramisu\516611.jpg,0
dataset/fake\tuna_tartare\790370.jpg,0
dataset/fake\ice_cream\885709.jpg,0
dataset/fake\sashimi\9554.jpg,0
dataset/real\lasagna\94368.jpg,1
dataset/real\fried_calamari\83599.jpg,1
dataset/real\pizza\72716.jpg,1
dataset/real\dumplings\855226.jpg,1
dataset/fake\omelette\7566.jpg,0
dataset/fake\sashimi\753333.jpg,0
dataset/fake\pad_thai\74547.jpg,0
dataset/real\eggs_benedict\984851.jpg,1
dataset/fake\red_velvet_cake\61276.jpg,0
dataset/fake\bread_pudding\1404112.jpg,0
dataset/fake\pho\5723.jpg,0
dataset/real\spaghetti_carbonara\732412.jpg,1
dataset/real\strawberry_shortcake\81255.jpg,1
dataset/real\breakfast_burrito\470219.jpg,1
dataset/real\greek_salad\72749.jpg,1
dataset/fake\chocolate_cake\2942827.jpg,0
dataset/real\macaroni_and_cheese\698074.jpg,1
dataset/fake\pancakes\76943.jpg,0
dataset/fake\caprese_salad\3903556.jpg,0
dataset/real\fried_calamari\89075.jpg,1
dataset/fake\pancakes\86107.jpg,0
dataset/real\baklava\2435600.jpg,1
dataset/real\chocolate_cake\2125707.jpg,1
dataset/fake\beet_salad\1372465.jpg,0
dataset/real\mussels\596184.jpg,1
dataset/fake\takoyaki\660040.jpg,0
dataset/real\steak\66207.jpg,1
dataset/real\cannoli\1641833.jpg,1
dataset/fake\waffles\98131.jpg,0
dataset/fake\seaweed_salad\609445.jpg,0
dataset/real\pad_thai\774683.jpg,1
dataset/real\sushi\900178.jpg,1
dataset/fake\macarons\845188.jpg,0
dataset/real\huevos_rancheros\901116.jpg,1
dataset/fake\sushi\910435.jpg,0
dataset/fake\miso_soup\875615.jpg,0
dataset/real\ravioli\784177.jpg,1
dataset/fake\french_onion_soup\77527.jpg,0
dataset/fake\hummus\871981.jpg,0
dataset/real\beet_salad\700945.jpg,1
dataset/fake\creme_brulee\99109.jpg,0
dataset/real\ice_cream\923525.jpg,1
dataset/real\lobster_roll_sandwich\87470.jpg,1
dataset/real\poutine\850813.jpg,1
dataset/fake\pulled_pork_sandwich\969783.jpg,0
dataset/fake\strawberry_shortcake\99706.jpg,0
dataset/fake\hot_and_sour_soup\87848.jpg,0
dataset/fake\fried_calamari\627814.jpg,0
dataset/real\takoyaki\675036.jpg,1
dataset/fake\samosa\825496.jpg,0
dataset/fake\filet_mignon\868859.jpg,0
dataset/fake\chicken_curry\1208906.jpg,0
dataset/real\gyoza\73070.jpg,1
dataset/real\shrimp_and_grits\950325.jpg,1
dataset/real\fried_rice\996895.jpg,1
dataset/fake\french_onion_soup\720844.jpg,0
dataset/fake\apple_pie\3004621.jpg,0
dataset/fake\breakfast_burrito\314122.jpg,0
dataset/fake\pizza\59445.jpg,0
dataset/real\caesar_salad\3823988.jpg,1
dataset/fake\dumplings\834049.jpg,0
dataset/real\chocolate_cake\3509196.jpg,1
dataset/real\miso_soup\862333.jpg,1
dataset/fake\onion_rings\84253.jpg,0
dataset/real\seaweed_salad\988710.jpg,1
dataset/fake\ceviche\1783159.jpg,0
dataset/real\bread_pudding\325137.jpg,1
dataset/fake\edamame\760003.jpg,0
dataset/real\filet_mignon\85447.jpg,1
dataset/real\sashimi\751929.jpg,1
dataset/real\fish_and_chips\1865683.jpg,1
dataset/real\poutine\926319.jpg,1
dataset/real\spring_rolls\700881.jpg,1
dataset/fake\donuts\97163.jpg,0
dataset/real\grilled_salmon\910023.jpg,1
dataset/fake\hamburger\730040.jpg,0
dataset/real\ramen\9784.jpg,1
dataset/fake\beef_carpaccio\2224490.jpg,0
dataset/real\french_toast\83425.jpg,1
dataset/real\grilled_cheese_sandwich\91131.jpg,1
dataset/real\deviled_eggs\634360.jpg,1
dataset/fake\deviled_eggs\657450.jpg,0
dataset/fake\baby_back_ribs\1986342.jpg,0
dataset/fake\caprese_salad\2071987.jpg,0
dataset/real\waffles\76239.jpg,1
dataset/real\hot_and_sour_soup\628858.jpg,1
dataset/fake\tacos\910144.jpg,0
dataset/fake\bread_pudding\1018769.jpg,0
dataset/fake\baby_back_ribs\2785758.jpg,0
dataset/fake\poutine\883850.jpg,0
dataset/fake\prime_rib\867112.jpg,0
dataset/fake\waffles\757194.jpg,0
dataset/fake\lobster_bisque\97480.jpg,0
dataset/real\lobster_roll_sandwich\9028.jpg,1
dataset/real\sashimi\753333.jpg,1
dataset/real\panna_cotta\604637.jpg,1
dataset/real\sashimi\766300.jpg,1
dataset/real\paella\565815.jpg,1
dataset/fake\cannoli\992416.jpg,0
dataset/real\bruschetta\1689549.jpg,1
dataset/fake\chicken_wings\1515893.jpg,0
dataset/fake\macaroni_and_cheese\698074.jpg,0
dataset/real\miso_soup\864146.jpg,1
dataset/fake\breakfast_burrito\1098858.jpg,0
dataset/real\miso_soup\876782.jpg,1
dataset/real\gyoza\738752.jpg,1
dataset/real\churros\97416.jpg,1
dataset/real\pancakes\79573.jpg,1
dataset/fake\grilled_salmon\95474.jpg,0
dataset/real\gyoza\731650.jpg,1
dataset/real\pad_thai\766332.jpg,1
dataset/fake\escargots\97976.jpg,0
dataset/fake\french_fries\87125.jpg,0
dataset/fake\ice_cream\918181.jpg,0
dataset/real\edamame\750271.jpg,1
dataset/real\greek_salad\995575.jpg,1
dataset/real\ravioli\793044.jpg,1
dataset/real\fried_calamari\631523.jpg,1
dataset/fake\red_velvet_cake\632941.jpg,0
dataset/real\apple_pie\1941412.jpg,1
dataset/fake\pancakes\89431.jpg,0
dataset/real\panna_cotta\620575.jpg,1
dataset/real\edamame\765568.jpg,1
dataset/fake\peking_duck\74455.jpg,0
dataset/real\cannoli\661006.jpg,1
dataset/fake\miso_soup\869480.jpg,0
dataset/fake\chocolate_mousse\99366.jpg,0
dataset/real\grilled_salmon\95474.jpg,1
dataset/fake\beignets\3489306.jpg,0
dataset/fake\eggs_benedict\51429.jpg,0
dataset/fake\fried_rice\523116.jpg,0
dataset/real\beef_carpaccio\1039955.jpg,1
dataset/fake\omelette\831249.jpg,0
dataset/fake\creme_brulee\940522.jpg,0
dataset/real\bibimbap\3282476.jpg,1
dataset/real\scallops\658584.jpg,1
dataset/real\steak\6709.jpg,1
dataset/fake\cheesecake\497262.jpg,0
dataset/real\escargots\517242.jpg,1
dataset/real\gyoza\7113.jpg,1
dataset/real\hamburger\740621.jpg,1
dataset/fake\miso_soup\876782.jpg,0
dataset/fake\lobster_roll_sandwich\92733.jpg,0
dataset/real\lobster_bisque\832653.jpg,1
dataset/fake\poutine\872723.jpg,0
dataset/real\sashimi\9554.jpg,1
dataset/fake\sashimi\774793.jpg,0
dataset/fake\panna_cotta\638508.jpg,0
dataset/real\falafel\964530.jpg,1
dataset/real\escargots\89456.jpg,1
dataset/real\pancakes\85516.jpg,1
dataset/real\pork_chop\633194.jpg,1
dataset/real\chocolate_mousse\891067.jpg,1
dataset/real\cheese_plate\3819306.jpg,1
dataset/fake\poutine\85455.jpg,0
dataset/fake\fish_and_chips\2501991.jpg,0
dataset/real\greek_salad\955397.jpg,1
dataset/fake\lobster_bisque\837637.jpg,0
dataset/real\croque_madame\57938.jpg,1
dataset/fake\churros\927440.jpg,0
dataset/real\sushi\894858.jpg,1
dataset/real\hot_dog\92535.jpg,1
dataset/real\poutine\9252.jpg,1
dataset/real\pork_chop\70768.jpg,1
dataset/fake\gnocchi\86602.jpg,0
dataset/fake\french_toast\777939.jpg,0
dataset/fake\chicken_quesadilla\1909983.jpg,0
dataset/fake\pho\981313.jpg,0
dataset/real\churros\915843.jpg,1
dataset/fake\beignets\2149914.jpg,0
dataset/real\cheese_plate\3797343.jpg,1
dataset/real\donuts\779639.jpg,1
dataset/fake\takoyaki\97911.jpg,0
dataset/fake\prime_rib\842936.jpg,0
dataset/real\paella\95594.jpg,1
dataset/real\lasagna\766434.jpg,1
dataset/real\donuts\767848.jpg,1
dataset/fake\steak\66183.jpg,0
dataset/fake\prime_rib\89502.jpg,0
dataset/real\creme_brulee\922930.jpg,1
dataset/fake\escargots\76610.jpg,0
dataset/real\bread_pudding\3280798.jpg,1
dataset/fake\donuts\759475.jpg,0
dataset/real\beignets\3489306.jpg,1
dataset/fake\lasagna\766434.jpg,0
dataset/fake\chicken_wings\2264351.jpg,0
dataset/real\beef_carpaccio\1661531.jpg,1
dataset/fake\spaghetti_bolognese\834603.jpg,0
dataset/real\fried_calamari\650796.jpg,1
dataset/fake\chicken_wings\2298994.jpg,0
dataset/fake\beignets\648253.jpg,0
dataset/fake\frozen_yogurt\99383.jpg,0
dataset/real\pizza\61822.jpg,1
dataset/fake\sushi\909848.jpg,0
dataset/real\dumplings\821959.jpg,1
dataset/fake\hummus\97971.jpg,0
dataset/real\tuna_tartare\792064.jpg,1
dataset/real\french_fries\80190.jpg,1
dataset/real\samosa\848555.jpg,1
dataset/real\club_sandwich\864981.jpg,1
dataset/real\nachos\99050.jpg,1
dataset/real\omelette\783345.jpg,1
dataset/fake\deviled_eggs\91913.jpg,0
dataset/fake\spaghetti_bolognese\791337.jpg,0
dataset/real\bruschetta\3407704.jpg,1
dataset/real\hot_and_sour_soup\619528.jpg,1
dataset/real\macaroni_and_cheese\67714.jpg,1
dataset/real\fish_and_chips\3748224.jpg,1
dataset/real\lobster_roll_sandwich\846574.jpg,1
dataset/real\dumplings\820905.jpg,1
dataset/real\clam_chowder\908590.jpg,1
dataset/fake\spaghetti_carbonara\8850.jpg,0
dataset/fake\chicken_curry\1878636.jpg,0
dataset/fake\lasagna\94368.jpg,0
dataset/real\french_onion_soup\77527.jpg,1
dataset/real\spaghetti_carbonara\682457.jpg,1
dataset/real\baklava\1290275.jpg,1
dataset/real\french_toast\825029.jpg,1
dataset/fake\apple_pie\3508043.jpg,0
dataset/fake\crab_cakes\942233.jpg,0
dataset/real\prime_rib\81543.jpg,1
dataset/fake\nachos\549614.jpg,0
dataset/fake\guacamole\875353.jpg,0
dataset/real\oysters\96451.jpg,1
dataset/real\shrimp_and_grits\953153.jpg,1
dataset/fake\cheesecake\1092082.jpg,0
dataset/real\sushi\905387.jpg,1
dataset/fake\chocolate_cake\3895991.jpg,0
dataset/fake\carrot_cake\3489814.jpg,0
dataset/real\omelette\831249.jpg,1
dataset/real\pancakes\75441.jpg,1
dataset/fake\steak\7056.jpg,0
dataset/fake\takoyaki\72228.jpg,0
dataset/fake\filet_mignon\89819.jpg,0
dataset/fake\spring_rolls\96524.jpg,0
dataset/real\donuts\94874.jpg,1
dataset/fake\spaghetti_bolognese\863987.jpg,0
dataset/fake\edamame\745235.jpg,0
dataset/fake\pad_thai\8984.jpg,0
dataset/real\miso_soup\841249.jpg,1
dataset/real\baby_back_ribs\3572271.jpg,1
dataset/fake\peking_duck\92967.jpg,0
dataset/fake\frozen_yogurt\621596.jpg,0
dataset/fake\chocolate_cake\2694691.jpg,0
dataset/fake\seaweed_salad\986736.jpg,0
dataset/real\spring_rolls\88158.jpg,1
dataset/fake\scallops\79150.jpg,0
dataset/fake\sushi\89467.jpg,0
dataset/fake\peking_duck\564841.jpg,0
dataset/fake\huevos_rancheros\93302.jpg,0
dataset/real\onion_rings\84253.jpg,1
dataset/fake\panna_cotta\97960.jpg,0
dataset/real\nachos\89589.jpg,1
dataset/fake\chicken_curry\404095.jpg,0
dataset/real\fried_rice\86512.jpg,1
dataset/fake\baklava\3015422.jpg,0
dataset/fake\bibimbap\2915290.jpg,0
dataset/fake\cannoli\806443.jpg,0
dataset/fake\filet_mignon\861057.jpg,0
dataset/fake\pork_chop\90125.jpg,0
dataset/fake\french_toast\790438.jpg,0
dataset/real\cheesecake\1435236.jpg,1
dataset/fake\frozen_yogurt\94855.jpg,0
dataset/real\chicken_curry\364808.jpg,1
dataset/real\gyoza\82426.jpg,1
dataset/real\club_sandwich\97915.jpg,1
dataset/fake\shrimp_and_grits\953153.jpg,0
dataset/fake\caesar_salad\3653070.jpg,0
dataset/fake\omelette\812508.jpg,0
dataset/fake\spaghetti_bolognese\856866.jpg,0
dataset/real\edamame\774112.jpg,1
dataset/fake\gnocchi\91507.jpg,0
dataset/real\panna_cotta\74637.jpg,1
dataset/fake\strawberry_shortcake\81255.jpg,0
dataset/real\omelette\94651.jpg,1
dataset/real\pulled_pork_sandwich\67213.jpg,1
dataset/real\tacos\863882.jpg,1
dataset/real\beignets\648253.jpg,1
dataset/real\churros\904536.jpg,1
dataset/real\miso_soup\83021.jpg,1
dataset/fake\samosa\796729.jpg,0
dataset/real\pork_chop\76465.jpg,1
dataset/real\dumplings\8372.jpg,1
dataset/real\bibimbap\2425339.jpg,1
dataset/real\baby_back_ribs\540444.jpg,1
dataset/fake\baklava\1062541.jpg,0
dataset/fake\carrot_cake\1495931.jpg,0
dataset/fake\cheese_plate\3730111.jpg,0
dataset/real\sushi\898089.jpg,1
dataset/fake\baklava\1561875.jpg,0
dataset/fake\foie_gras\566380.jpg,0
dataset/real\beignets\3806816.jpg,1
dataset/fake\ravioli\8103.jpg,0
dataset/real\carrot_cake\2464542.jpg,1
dataset/fake\fish_and_chips\283700.jpg,0
dataset/real\chocolate_cake\1594496.jpg,1
dataset/fake\donuts\767848.jpg,0
dataset/real\deviled_eggs\62723.jpg,1
dataset/fake\huevos_rancheros\939504.jpg,0
dataset/real\spaghetti_bolognese\803860.jpg,1
dataset/fake\pho\70638.jpg,0
dataset/fake\spaghetti_carbonara\710050.jpg,0
dataset/real\gnocchi\792768.jpg,1
dataset/real\tuna_tartare\790370.jpg,1
dataset/real\chocolate_mousse\899465.jpg,1
dataset/fake\eggs_benedict\996408.jpg,0
dataset/real\crab_cakes\957543.jpg,1
dataset/real\peking_duck\7934.jpg,1
dataset/fake\pad_thai\78461.jpg,0
dataset/fake\oysters\911487.jpg,0
dataset/real\apple_pie\605117.jpg,1
dataset/real\french_onion_soup\735325.jpg,1
dataset/fake\dumplings\86701.jpg,0
dataset/real\caesar_salad\2043391.jpg,1
dataset/fake\mussels\89826.jpg,0
dataset/fake\spaghetti_bolognese\805225.jpg,0
dataset/fake\breakfast_burrito\17066.jpg,0
dataset/fake\cannoli\583049.jpg,0
dataset/real\hummus\97971.jpg,1
dataset/real\gyoza\692873.jpg,1
dataset/real\beignets\813148.jpg,1
dataset/real\mussels\597888.jpg,1
dataset/fake\beef_tartare\1432088.jpg,0
dataset/real\fried_calamari\95861.jpg,1
dataset/fake\pork_chop\7509.jpg,0
dataset/real\bibimbap\1416282.jpg,1
dataset/fake\nachos\552246.jpg,0
dataset/fake\onion_rings\83998.jpg,0
dataset/fake\beignets\2977212.jpg,0
dataset/real\deviled_eggs\614926.jpg,1
dataset/real\peking_duck\568031.jpg,1
dataset/real\sashimi\79501.jpg,1
dataset/fake\baby_back_ribs\938822.jpg,0
dataset/real\takoyaki\668423.jpg,1
dataset/real\pulled_pork_sandwich\67395.jpg,1
dataset/real\clam_chowder\894202.jpg,1
dataset/fake\tuna_tartare\877221.jpg,0
dataset/fake\beef_carpaccio\1661531.jpg,0
dataset/fake\apple_pie\3825794.jpg,0
dataset/fake\takoyaki\702511.jpg,0
dataset/fake\edamame\99647.jpg,0
dataset/fake\chicken_curry\2591392.jpg,0
dataset/real\spaghetti_bolognese\842289.jpg,1
dataset/real\croque_madame\83261.jpg,1
dataset/real\beignets\1883893.jpg,1
dataset/real\club_sandwich\866644.jpg,1
dataset/real\garlic_bread\793782.jpg,1
dataset/real\tiramisu\511137.jpg,1
dataset/fake\tiramisu\62828.jpg,0
dataset/real\omelette\794428.jpg,1
dataset/fake\churros\924336.jpg,0
dataset/real\nachos\549614.jpg,1
dataset/fake\pork_chop\646761.jpg,0
dataset/fake\pulled_pork_sandwich\67395.jpg,0
dataset/real\french_toast\822924.jpg,1
dataset/real\pulled_pork_sandwich\991879.jpg,1
dataset/fake\pizza\82578.jpg,0
dataset/real\peking_duck\564841.jpg,1
dataset/fake\macaroni_and_cheese\97474.jpg,0
dataset/fake\pad_thai\716229.jpg,0
dataset/fake\cheesecake\248448.jpg,0
dataset/fake\fried_rice\62436.jpg,0
dataset/fake\pad_thai\741855.jpg,0
dataset/real\fried_rice\59958.jpg,1
dataset/real\filet_mignon\872673.jpg,1
dataset/fake\tuna_tartare\829472.jpg,0
dataset/fake\lobster_roll_sandwich\9028.jpg,0
dataset/real\chocolate_cake\261466.jpg,1
dataset/real\foie_gras\572971.jpg,1
dataset/fake\bruschetta\1562651.jpg,0
dataset/fake\pizza\998719.jpg,0
dataset/real\tiramisu\522617.jpg,1
dataset/fake\chocolate_mousse\893495.jpg,0
dataset/real\ravioli\74206.jpg,1
dataset/real\club_sandwich\886180.jpg,1
dataset/real\onion_rings\93684.jpg,1
dataset/fake\pulled_pork_sandwich\961030.jpg,0
dataset/real\fried_calamari\88528.jpg,1
dataset/real\lobster_roll_sandwich\839549.jpg,1
dataset/real\ramen\73207.jpg,1
dataset/real\bibimbap\542187.jpg,1
dataset/real\donuts\91540.jpg,1
dataset/fake\poutine\892377.jpg,0
dataset/real\grilled_salmon\953784.jpg,1
dataset/real\bruschetta\3173075.jpg,1
dataset/fake\fried_calamari\8886.jpg,0
dataset/real\lasagna\8959.jpg,1
dataset/real\deviled_eggs\657450.jpg,1
dataset/fake\tuna_tartare\803766.jpg,0
dataset/fake\prime_rib\817485.jpg,0
dataset/real\panna_cotta\98261.jpg,1
dataset/fake\huevos_rancheros\902239.jpg,0
dataset/fake\dumplings\849880.jpg,0
dataset/real\beet_salad\3619100.jpg,1
dataset/fake\tacos\904583.jpg,0
dataset/real\spaghetti_bolognese\804508.jpg,1
dataset/fake\bruschetta\267619.jpg,0
dataset/real\lobster_roll_sandwich\95466.jpg,1
dataset/fake\pad_thai\762358.jpg,0
dataset/fake\grilled_salmon\944861.jpg,0
dataset/real\grilled_cheese_sandwich\96904.jpg,1
dataset/real\fried_rice\59189.jpg,1
dataset/fake\creme_brulee\916232.jpg,0
dataset/fake\steak\75537.jpg,0
dataset/real\grilled_salmon\944861.jpg,1
dataset/fake\fried_calamari\82808.jpg,0
dataset/real\pulled_pork_sandwich\972710.jpg,1
dataset/real\pad_thai\94317.jpg,1
dataset/fake\fried_rice\89644.jpg,0
dataset/fake\garlic_bread\853246.jpg,0
dataset/fake\spring_rolls\691378.jpg,0
dataset/fake\croque_madame\972376.jpg,0
dataset/fake\gnocchi\760083.jpg,0
dataset/real\greek_salad\967352.jpg,1
dataset/real\croque_madame\98458.jpg,1
dataset/fake\french_toast\816895.jpg,0
dataset/real\onion_rings\734372.jpg,1
dataset/real\oysters\894771.jpg,1
dataset/real\frozen_yogurt\72830.jpg,1
dataset/real\nachos\99087.jpg,1
dataset/fake\prime_rib\90989.jpg,0
dataset/real\spaghetti_bolognese\856866.jpg,1
dataset/fake\hot_and_sour_soup\604451.jpg,0
dataset/real\falafel\96103.jpg,1
dataset/real\panna_cotta\621452.jpg,1
dataset/real\pad_thai\741855.jpg,1
dataset/fake\ice_cream\893681.jpg,0
dataset/fake\chicken_quesadilla\3855204.jpg,0
dataset/fake\hamburger\734458.jpg,0
dataset/fake\pork_chop\895.jpg,0
dataset/fake\poutine\863682.jpg,0
dataset/real\beef_tartare\3168312.jpg,1
dataset/real\spring_rolls\86528.jpg,1
dataset/real\pancakes\83610.jpg,1
dataset/fake\fried_rice\76256.jpg,0
dataset/fake\pancakes\84956.jpg,0
dataset/real\carrot_cake\569667.jpg,1
dataset/fake\cannoli\694221.jpg,0
dataset/fake\beef_carpaccio\3412113.jpg,0
dataset/fake\edamame\774112.jpg,0
dataset/fake\pad_thai\81331.jpg,0
dataset/fake\eggs_benedict\997623.jpg,0
dataset/fake\macaroni_and_cheese\84721.jpg,0
dataset/real\clam_chowder\905242.jpg,1
dataset/real\bread_pudding\1404112.jpg,1
dataset/fake\mussels\597888.jpg,0
dataset/fake\pad_thai\766332.jpg,0
dataset/real\crab_cakes\934015.jpg,1
dataset/fake\chicken_quesadilla\2097985.jpg,0
dataset/real\cup_cakes\84010.jpg,1
dataset/real\tacos\904583.jpg,1
dataset/real\sashimi\758154.jpg,1
dataset/fake\ravioli\776827.jpg,0
dataset/real\club_sandwich\84309.jpg,1
dataset/real\french_toast\782712.jpg,1
dataset/fake\escargots\522965.jpg,0
dataset/fake\prime_rib\98675.jpg,0
dataset/fake\pulled_pork_sandwich\967078.jpg,0
dataset/fake\chicken_wings\3401362.jpg,0
dataset/fake\bruschetta\919487.jpg,0
dataset/fake\tuna_tartare\792064.jpg,0
dataset/real\seaweed_salad\85369.jpg,1
dataset/fake\pork_chop\70163.jpg,0
dataset/fake\hummus\894954.jpg,0
dataset/real\greek_salad\74066.jpg,1
dataset/real\lobster_roll_sandwich\99754.jpg,1
dataset/fake\pad_thai\717642.jpg,0
dataset/real\bruschetta\1288625.jpg,1
dataset/fake\hot_dog\930190.jpg,0
dataset/fake\steak\636594.jpg,0
dataset/real\spaghetti_bolognese\86424.jpg,1
dataset/fake\macarons\841158.jpg,0
dataset/fake\scallops\655627.jpg,0
dataset/fake\panna_cotta\621452.jpg,0
dataset/fake\pancakes\83395.jpg,0
dataset/fake\pulled_pork_sandwich\985218.jpg,0
dataset/real\ceviche\3369487.jpg,1
dataset/real\caprese_salad\2641929.jpg,1
dataset/fake\scallops\702120.jpg,0
dataset/fake\gyoza\738752.jpg,0
dataset/real\crab_cakes\915400.jpg,1
dataset/fake\croque_madame\968594.jpg,0
dataset/fake\creme_brulee\93244.jpg,0
dataset/fake\fried_calamari\94058.jpg,0
dataset/fake\beet_salad\3331610.jpg,0
dataset/fake\nachos\561082.jpg,0
dataset/fake\chicken_curry\1638863.jpg,0
